GBAC,Year,Country,Host,Serotype,Topotype,Lineage,pool
AH012985/KOR/Unknown/2000/O/ME-SA/PanAsia,2000,KOR,,O,MIDDLE-EAST-SOUTH-ASIA-ME-SA,PanAsia,Pool1
AH012984/KOR/Unknown/2000/O/ME-SA/PanAsia,2000,KOR,,O,MIDDLE-EAST-SOUTH-ASIA-ME-SA,PanAsia,Pool1
MZ493234/PAK/cattle/2018/A/ASIA/Iran-05,2018,PAK,cattle,A,ASIA,Iran-05,Pool3
MZ493232/PAK/cattle/2017/A/ASIA/Iran-05,2017,PAK,cattle,A,ASIA,Iran-05,Pool3
MH167966/UGA/cow/2015/O/EA-2/Unknown,2015,UGA,cow,O,EAST-AFRICA-2-EA-2,,Pool4
MH167965/UGA/cow/2016/O/EA-2/Unknown,2016,UGA,cow,O,EAST-AFRICA-2-EA-2,,Pool4
MH167964/UGA/cow/2015/O/EA-2/Unknown,2015,UGA,cow,O,EAST-AFRICA-2-EA-2,,Pool4
MH167963/UGA/cow/2015/O/EA-2/Unknown,2015,UGA,cow,O,EAST-AFRICA-2-EA-2,,Pool4
MH167962/UGA/cow/2015/O/EA-2/Unknown,2015,UGA,cow,O,EAST-AFRICA-2-EA-2,,Pool4
MT018551/ISR/cattle/2018/O/ME-SA/PanAsia-2,2018,ISR,cattle,O,MIDDLE-EAST-SOUTH-ASIA-ME-SA,PanAsia-2,Pool3
MT018550/ISR/cattle/2018/O/ME-SA/PanAsia-2,2018,ISR,cattle,O,MIDDLE-EAST-SOUTH-ASIA-ME-SA,PanAsia-2,Pool3
MT018549/ISR/cattle/2018/O/ME-SA/PanAsia-2,2018,ISR,cattle,O,MIDDLE-EAST-SOUTH-ASIA-ME-SA,PanAsia-2,Pool3
MT018548/ISR/pig/2018/O/ME-SA/PanAsia-2,2018,ISR,pig,O,MIDDLE-EAST-SOUTH-ASIA-ME-SA,PanAsia-2,Pool3
ON652967/VNM/cow/2013/A/ASIA/Sea-97,2013,VNM,cow,A,ASIA,Sea-97,Pool1
MN366244/BGD/cattle/2018/Asia1/ASIA/Unknown,2018,BGD,cattle,Asia1,ASIA,,Pool2
JF749864/ZWE/Unknown/2003/SAT2/I/Unknown,2003,ZWE,,SAT2,I,,Pool6
JF749862/UGA/Unknown/2002/SAT2/X/Unknown,2002,UGA,,SAT2,X,,Pool4
JF749861/KEN/Unknown/2002/SAT2/IV/Unknown,2002,KEN,,SAT2,IV,,Pool4
JF749860/KEN/Unknown/2002/SAT1/I-NWZ/Unknown,2002,KEN,,SAT1,I-NORTHWEST-ZIMBABWE-NWZ,,Pool4
JF749852/Unknown/Unknown/2004/O/ME-SA/PanAsia-2,2004,,,O,MIDDLE-EAST-SOUTH-ASIA-ME-SA,PanAsia-2,
JF749851/IRN/Unknown/2001/O/ME-SA/PanAsia,2001,IRN,,O,MIDDLE-EAST-SOUTH-ASIA-ME-SA,PanAsia,Pool3
JF749849/PAK/Unknown/2002/Asia1/ASIA/Unknown,2002,PAK,,Asia1,ASIA,,Pool3
JF749848/TUR/Unknown/2003/A/ASIA/Unknown,2003,TUR,,A,ASIA,,Pool3
JF749843/EGY/Unknown/2006/A/AFRICA/Unknown,2006,EGY,,A,AFRICA,,Pool3/Pool4
JF749841/TUR/Unknown/2006/A/ASIA/Iran-05,2006,TUR,,A,ASIA,Iran-05,Pool3
GU384683/PAK/buffalo/2008/O/ME-SA/PanAsia-2,2008,PAK,buffalo,O,MIDDLE-EAST-SOUTH-ASIA-ME-SA,PanAsia-2,Pool3
KC440884/EGY/Unknown/2012/SAT2/VII/Unknown,2012,EGY,,SAT2,VII,,Pool3/Pool4
KC440883/EGY/Unknown/2011/O/ME-SA/PanAsia-2,2011,EGY,,O,MIDDLE-EAST-SOUTH-ASIA-ME-SA,PanAsia-2,Pool3/Pool4
KC440882/EGY/Unknown/2012/A/ASIA/Iran-05,2012,EGY,,A,ASIA,Iran-05,Pool3/Pool4
KC440881/EGY/Unknown/2011/A/AFRICA/Unknown,2011,EGY,,A,AFRICA,,Pool3/Pool4
HM229661/HKG/pig/2010/O/SEA/Unknown,2010,HKG,pig,O,SOUTHEAST-ASIA-SEA,,Pool1
JQ900581/CHN/pig/2010/O/SEA/Unknown,2010,CHN,pig,O,SOUTHEAST-ASIA-SEA,,Pool1
FJ175666/ISR/cattle/2007/O/ME-SA/PanAsia-2,2007,ISR,cattle,O,MIDDLE-EAST-SOUTH-ASIA-ME-SA,PanAsia-2,Pool3
FJ175665/ISR/cattle/2007/O/ME-SA/PanAsia-2,2007,ISR,cattle,O,MIDDLE-EAST-SOUTH-ASIA-ME-SA,PanAsia-2,Pool3
FJ175664/ISR/cattle/2007/O/ME-SA/PanAsia-2,2007,ISR,cattle,O,MIDDLE-EAST-SOUTH-ASIA-ME-SA,PanAsia-2,Pool3
FJ175663/ISR/cattle/2007/O/ME-SA/PanAsia-2,2007,ISR,cattle,O,MIDDLE-EAST-SOUTH-ASIA-ME-SA,PanAsia-2,Pool3
FJ175661/ISR/goat/2007/O/ME-SA/PanAsia-2,2007,ISR,goat,O,MIDDLE-EAST-SOUTH-ASIA-ME-SA,PanAsia-2,Pool3
FJ461345/UGA/Unknown/2002/O/EA-2/Unknown,2002,UGA,,O,EAST-AFRICA-2-EA-2,,Pool4
FJ461344/UGA/cow/2002/O/EA-2/Unknown,2002,UGA,cow,O,EAST-AFRICA-2-EA-2,,Pool4
EF117837/PAK/cattle/2006/A/ASIA/Iran-05,2006,PAK,cattle,A,ASIA,Iran-05,Pool3
PP273559/IND/elephant/1988/A/ASIA/Unknown,1988,IND,elephant,A,ASIA,,Pool2
OQ356341/BRA/cow/1970/A/EURO-SA/Unknown,1970,BRA,cow,A,EUROPE-SOUTH-AMERICA-EURO-SA,,Pool7
OQ256242/ISR/cow/1969/A/EURO-SA/Unknown,1969,ISR,cow,A,EUROPE-SOUTH-AMERICA-EURO-SA,,Pool3
OQ211407/PSE/sheep/2007/O/ME-SA/PanAsia-2,2007,PSE,sheep,O,MIDDLE-EAST-SOUTH-ASIA-ME-SA,PanAsia-2,Pool3
OQ211406/PSE/sheep/2007/O/ME-SA/PanAsia-2,2007,PSE,sheep,O,MIDDLE-EAST-SOUTH-ASIA-ME-SA,PanAsia-2,Pool3
OQ211405/ISR/cattle/2007/O/ME-SA/PanAsia-2,2007,ISR,cattle,O,MIDDLE-EAST-SOUTH-ASIA-ME-SA,PanAsia-2,Pool3
OQ211404/PSE/cattle/2007/O/ME-SA/PanAsia-2,2007,PSE,cattle,O,MIDDLE-EAST-SOUTH-ASIA-ME-SA,PanAsia-2,Pool3
OQ211403/ISR/cattle/2007/O/ME-SA/PanAsia-2,2007,ISR,cattle,O,MIDDLE-EAST-SOUTH-ASIA-ME-SA,PanAsia-2,Pool3
OQ211402/ISR/cattle/2007/O/ME-SA/PanAsia-2,2007,ISR,cattle,O,MIDDLE-EAST-SOUTH-ASIA-ME-SA,PanAsia-2,Pool3
OQ211399/ISR/gazelle/2007/O/ME-SA/PanAsia-2,2007,ISR,gazelle,O,MIDDLE-EAST-SOUTH-ASIA-ME-SA,PanAsia-2,Pool3
OQ211398/ISR/gazelle/2007/O/ME-SA/PanAsia-2,2007,ISR,gazelle,O,MIDDLE-EAST-SOUTH-ASIA-ME-SA,PanAsia-2,Pool3
OQ211397/ISR/sheep/2007/O/ME-SA/PanAsia-2,2007,ISR,sheep,O,MIDDLE-EAST-SOUTH-ASIA-ME-SA,PanAsia-2,Pool3
OQ211396/ISR/cattle/2007/O/ME-SA/PanAsia-2,2007,ISR,cattle,O,MIDDLE-EAST-SOUTH-ASIA-ME-SA,PanAsia-2,Pool3
OQ211394/ISR/cattle/2007/O/ME-SA/PanAsia-2,2007,ISR,cattle,O,MIDDLE-EAST-SOUTH-ASIA-ME-SA,PanAsia-2,Pool3
OQ211391/ISR/cattle/2007/O/ME-SA/PanAsia-2,2007,ISR,cattle,O,MIDDLE-EAST-SOUTH-ASIA-ME-SA,PanAsia-2,Pool3
OQ211390/ISR/cattle/2007/O/ME-SA/PanAsia-2,2007,ISR,cattle,O,MIDDLE-EAST-SOUTH-ASIA-ME-SA,PanAsia-2,Pool3
OQ211388/PSE/sheep/2007/O/ME-SA/PanAsia-2,2007,PSE,sheep,O,MIDDLE-EAST-SOUTH-ASIA-ME-SA,PanAsia-2,Pool3
OQ211387/ISR/cattle/2007/O/ME-SA/PanAsia-2,2007,ISR,cattle,O,MIDDLE-EAST-SOUTH-ASIA-ME-SA,PanAsia-2,Pool3
OQ211386/ISR/cattle/2007/O/ME-SA/PanAsia-2,2007,ISR,cattle,O,MIDDLE-EAST-SOUTH-ASIA-ME-SA,PanAsia-2,Pool3
OQ211385/ISR/cattle/2007/O/ME-SA/PanAsia-2,2007,ISR,cattle,O,MIDDLE-EAST-SOUTH-ASIA-ME-SA,PanAsia-2,Pool3
OQ211383/ISR/gazelle/2007/O/ME-SA/PanAsia-2,2007,ISR,gazelle,O,MIDDLE-EAST-SOUTH-ASIA-ME-SA,PanAsia-2,Pool3
OQ211381/ISR/gazelle/2007/O/ME-SA/PanAsia-2,2007,ISR,gazelle,O,MIDDLE-EAST-SOUTH-ASIA-ME-SA,PanAsia-2,Pool3
OQ211380/ISR/cattle/2007/O/ME-SA/PanAsia-2,2007,ISR,cattle,O,MIDDLE-EAST-SOUTH-ASIA-ME-SA,PanAsia-2,Pool3
OQ211378/ISR/cattle/2007/O/ME-SA/PanAsia-2,2007,ISR,cattle,O,MIDDLE-EAST-SOUTH-ASIA-ME-SA,PanAsia-2,Pool3
OQ211377/ISR/cattle/2007/O/ME-SA/PanAsia-2,2007,ISR,cattle,O,MIDDLE-EAST-SOUTH-ASIA-ME-SA,PanAsia-2,Pool3
OQ211376/ISR/cattle/2007/O/ME-SA/PanAsia-2,2007,ISR,cattle,O,MIDDLE-EAST-SOUTH-ASIA-ME-SA,PanAsia-2,Pool3
OQ211375/PSE/sheep/2007/O/ME-SA/PanAsia-2,2007,PSE,sheep,O,MIDDLE-EAST-SOUTH-ASIA-ME-SA,PanAsia-2,Pool3
OQ211373/ISR/goat/2007/O/ME-SA/PanAsia-2,2007,ISR,goat,O,MIDDLE-EAST-SOUTH-ASIA-ME-SA,PanAsia-2,Pool3
OQ211372/ISR/goat/2007/O/ME-SA/PanAsia-2,2007,ISR,goat,O,MIDDLE-EAST-SOUTH-ASIA-ME-SA,PanAsia-2,Pool3
OQ211371/PSE/goat/2007/O/ME-SA/PanAsia-2,2007,PSE,goat,O,MIDDLE-EAST-SOUTH-ASIA-ME-SA,PanAsia-2,Pool3
OQ211370/ISR/cattle/2007/O/ME-SA/PanAsia-2,2007,ISR,cattle,O,MIDDLE-EAST-SOUTH-ASIA-ME-SA,PanAsia-2,Pool3
OQ211369/ISR/cattle/2007/O/ME-SA/PanAsia-2,2007,ISR,cattle,O,MIDDLE-EAST-SOUTH-ASIA-ME-SA,PanAsia-2,Pool3
OQ211367/PSE/sheep/2007/O/ME-SA/PanAsia-2,2007,PSE,sheep,O,MIDDLE-EAST-SOUTH-ASIA-ME-SA,PanAsia-2,Pool3
OQ211366/PSE/sheep/2007/O/ME-SA/PanAsia-2,2007,PSE,sheep,O,MIDDLE-EAST-SOUTH-ASIA-ME-SA,PanAsia-2,Pool3
OQ211365/PSE/sheep/2007/O/ME-SA/PanAsia-2,2007,PSE,sheep,O,MIDDLE-EAST-SOUTH-ASIA-ME-SA,PanAsia-2,Pool3
OQ211364/PSE/sheep/2007/O/ME-SA/PanAsia-2,2007,PSE,sheep,O,MIDDLE-EAST-SOUTH-ASIA-ME-SA,PanAsia-2,Pool3
OQ211363/ISR/sheep/2007/O/ME-SA/PanAsia-2,2007,ISR,sheep,O,MIDDLE-EAST-SOUTH-ASIA-ME-SA,PanAsia-2,Pool3
OQ211362/PSE/sheep/2007/O/ME-SA/PanAsia-2,2007,PSE,sheep,O,MIDDLE-EAST-SOUTH-ASIA-ME-SA,PanAsia-2,Pool3
OQ211361/ISR/sheep/2007/O/ME-SA/PanAsia-2,2007,ISR,sheep,O,MIDDLE-EAST-SOUTH-ASIA-ME-SA,PanAsia-2,Pool3
OQ211360/ISR/cattle/2007/O/ME-SA/PanAsia-2,2007,ISR,cattle,O,MIDDLE-EAST-SOUTH-ASIA-ME-SA,PanAsia-2,Pool3
OQ211359/ISR/cattle/2007/O/ME-SA/PanAsia-2,2007,ISR,cattle,O,MIDDLE-EAST-SOUTH-ASIA-ME-SA,PanAsia-2,Pool3
OQ211358/ISR/cattle/2007/O/ME-SA/PanAsia-2,2007,ISR,cattle,O,MIDDLE-EAST-SOUTH-ASIA-ME-SA,PanAsia-2,Pool3
OQ211357/ISR/cattle/2007/O/ME-SA/PanAsia-2,2007,ISR,cattle,O,MIDDLE-EAST-SOUTH-ASIA-ME-SA,PanAsia-2,Pool3
OQ211355/ISR/cattle/2007/O/ME-SA/PanAsia-2,2007,ISR,cattle,O,MIDDLE-EAST-SOUTH-ASIA-ME-SA,PanAsia-2,Pool3
OQ211354/PSE/cattle/2007/O/ME-SA/PanAsia-2,2007,PSE,cattle,O,MIDDLE-EAST-SOUTH-ASIA-ME-SA,PanAsia-2,Pool3
OQ211353/ISR/sheep/2007/O/ME-SA/PanAsia-2,2007,ISR,sheep,O,MIDDLE-EAST-SOUTH-ASIA-ME-SA,PanAsia-2,Pool3
OQ211352/ISR/cattle/2007/O/ME-SA/PanAsia-2,2007,ISR,cattle,O,MIDDLE-EAST-SOUTH-ASIA-ME-SA,PanAsia-2,Pool3
OQ211350/ISR/cattle/2007/O/ME-SA/PanAsia-2,2007,ISR,cattle,O,MIDDLE-EAST-SOUTH-ASIA-ME-SA,PanAsia-2,Pool3
OQ211349/PSE/sheep/2007/O/ME-SA/PanAsia-2,2007,PSE,sheep,O,MIDDLE-EAST-SOUTH-ASIA-ME-SA,PanAsia-2,Pool3
OQ557397/ETH/cow/2022/SAT2/XIV/Unknown,2022,ETH,cow,SAT2,XIV,,Pool4
OQ557396/ETH/cattle/1991/SAT2/XIV/Unknown,1991,ETH,cattle,SAT2,XIV,,Pool4
OQ457195/NER/cattle/2020/O/EA-3/Unknown,2020,NER,cattle,O,EAST-AFRICA-3-EA-3,,Pool5
OQ457194/NER/cattle/2020/O/EA-3/Unknown,2020,NER,cattle,O,EAST-AFRICA-3-EA-3,,Pool5
OQ457193/NER/cattle/2020/O/EA-3/Unknown,2020,NER,cattle,O,EAST-AFRICA-3-EA-3,,Pool5
OQ457192/NER/cattle/2020/O/EA-3/Unknown,2020,NER,cattle,O,EAST-AFRICA-3-EA-3,,Pool5
OQ457186/NER/cattle/2020/O/EA-3/Unknown,2020,NER,cattle,O,EAST-AFRICA-3-EA-3,,Pool5
OQ745961/THA/cattle/2016/A/ASIA/Sea-97,2016,THA,cattle,A,ASIA,Sea-97,Pool1
OQ401874/NER/cattle/2020/SAT2/VII/Unknown,2020,NER,cattle,SAT2,VII,,Pool5
OQ401873/NER/cattle/2020/SAT2/VII/Unknown,2020,NER,cattle,SAT2,VII,,Pool5
OQ401872/NER/cattle/2020/SAT2/VII/Unknown,2020,NER,cattle,SAT2,VII,,Pool5
OQ401869/NER/cattle/2020/SAT2/VII/Unknown,2020,NER,cattle,SAT2,VII,,Pool5
OQ401868/NER/cattle/2020/SAT2/VII/Unknown,2020,NER,cattle,SAT2,VII,,Pool5
LC771233/IRQ/water-buffalo/2023/A/AFRICA/Unknown,2023,IRQ,water-buffalo,A,AFRICA,,Pool3
LC770123/IRQ/cattle/2023/SAT1/VII-EA-2/Unknown,2023,IRQ,cattle,SAT1,VII-EAST-AFRICA-2-EA-2,,Pool3
OP957418/BGD/cattle/2021/O/ME-SA/PanAsia-2,2021,BGD,cattle,O,MIDDLE-EAST-SOUTH-ASIA-ME-SA,PanAsia-2,Pool2
ON868623/VNM/pig/2017/O/CATHAY/Unknown,2017,VNM,pig,O,CATHAY,,Pool1
ON868622/VNM/pig/2017/O/CATHAY/Unknown,2017,VNM,pig,O,CATHAY,,Pool1
ON868620/VNM/pig/2019/O/SEA/Unknown,2019,VNM,pig,O,SOUTHEAST-ASIA-SEA,,Pool1
ON868619/VNM/pig/2019/O/SEA/Unknown,2019,VNM,pig,O,SOUTHEAST-ASIA-SEA,,Pool1
ON868618/VNM/pig/2019/O/SEA/Unknown,2019,VNM,pig,O,SOUTHEAST-ASIA-SEA,,Pool1
ON868617/VNM/pig/2019/O/SEA/Unknown,2019,VNM,pig,O,SOUTHEAST-ASIA-SEA,,Pool1
ON868616/VNM/pig/2018/O/SEA/Unknown,2018,VNM,pig,O,SOUTHEAST-ASIA-SEA,,Pool1
ON868615/VNM/pig/2018/O/SEA/Unknown,2018,VNM,pig,O,SOUTHEAST-ASIA-SEA,,Pool1
ON868614/VNM/pig/2019/O/SEA/Unknown,2019,VNM,pig,O,SOUTHEAST-ASIA-SEA,,Pool1
ON868613/VNM/pig/2019/O/SEA/Unknown,2019,VNM,pig,O,SOUTHEAST-ASIA-SEA,,Pool1
ON868612/VNM/pig/2019/O/SEA/Unknown,2019,VNM,pig,O,SOUTHEAST-ASIA-SEA,,Pool1
ON868611/VNM/pig/2018/O/SEA/Unknown,2018,VNM,pig,O,SOUTHEAST-ASIA-SEA,,Pool1
ON868610/VNM/pig/2019/O/SEA/Unknown,2019,VNM,pig,O,SOUTHEAST-ASIA-SEA,,Pool1
ON868608/VNM/pig/2019/O/SEA/Unknown,2019,VNM,pig,O,SOUTHEAST-ASIA-SEA,,Pool1
ON868607/VNM/pig/2019/O/SEA/Unknown,2019,VNM,pig,O,SOUTHEAST-ASIA-SEA,,Pool1
ON868606/VNM/pig/2019/O/SEA/Unknown,2019,VNM,pig,O,SOUTHEAST-ASIA-SEA,,Pool1
ON868605/VNM/pig/2019/O/SEA/Unknown,2019,VNM,pig,O,SOUTHEAST-ASIA-SEA,,Pool1
ON868604/VNM/pig/2018/O/SEA/Unknown,2018,VNM,pig,O,SOUTHEAST-ASIA-SEA,,Pool1
ON868603/VNM/pig/2018/O/SEA/Unknown,2018,VNM,pig,O,SOUTHEAST-ASIA-SEA,,Pool1
ON868602/VNM/pig/2019/O/SEA/Unknown,2019,VNM,pig,O,SOUTHEAST-ASIA-SEA,,Pool1
ON868600/VNM/pig/2018/O/SEA/Unknown,2018,VNM,pig,O,SOUTHEAST-ASIA-SEA,,Pool1
ON868599/VNM/pig/2019/O/SEA/Unknown,2019,VNM,pig,O,SOUTHEAST-ASIA-SEA,,Pool1
ON868598/VNM/pig/2018/O/SEA/Unknown,2018,VNM,pig,O,SOUTHEAST-ASIA-SEA,,Pool1
ON868597/VNM/pig/2019/O/SEA/Unknown,2019,VNM,pig,O,SOUTHEAST-ASIA-SEA,,Pool1
ON868596/VNM/pig/2018/O/SEA/Unknown,2018,VNM,pig,O,SOUTHEAST-ASIA-SEA,,Pool1
ON868595/VNM/pig/2018/O/SEA/Unknown,2018,VNM,pig,O,SOUTHEAST-ASIA-SEA,,Pool1
ON868594/VNM/pig/2019/O/SEA/Unknown,2019,VNM,pig,O,SOUTHEAST-ASIA-SEA,,Pool1
ON868593/VNM/pig/2018/O/SEA/Unknown,2018,VNM,pig,O,SOUTHEAST-ASIA-SEA,,Pool1
ON868592/VNM/pig/2018/O/SEA/Unknown,2018,VNM,pig,O,SOUTHEAST-ASIA-SEA,,Pool1
ON868591/VNM/pig/2019/O/SEA/Unknown,2019,VNM,pig,O,SOUTHEAST-ASIA-SEA,,Pool1
ON868590/VNM/pig/2019/O/SEA/Unknown,2019,VNM,pig,O,SOUTHEAST-ASIA-SEA,,Pool1
ON868589/VNM/pig/2019/O/SEA/Unknown,2019,VNM,pig,O,SOUTHEAST-ASIA-SEA,,Pool1
ON868579/VNM/cow/2017/O/ME-SA/Unknown,2017,VNM,cow,O,MIDDLE-EAST-SOUTH-ASIA-ME-SA,,Pool1
ON868557/VNM/water-buffalo/2018/O/ME-SA/Unknown,2018,VNM,water-buffalo,O,MIDDLE-EAST-SOUTH-ASIA-ME-SA,,Pool1
ON868552/VNM/pig/2019/O/ME-SA/Unknown,2019,VNM,pig,O,MIDDLE-EAST-SOUTH-ASIA-ME-SA,,Pool1
ON868549/VNM/cow/2018/O/ME-SA/Unknown,2018,VNM,cow,O,MIDDLE-EAST-SOUTH-ASIA-ME-SA,,Pool1
ON868547/VNM/cow/2018/O/ME-SA/Unknown,2018,VNM,cow,O,MIDDLE-EAST-SOUTH-ASIA-ME-SA,,Pool1
ON868542/VNM/pig/2018/O/ME-SA/Unknown,2018,VNM,pig,O,MIDDLE-EAST-SOUTH-ASIA-ME-SA,,Pool1
ON868528/VNM/pig/2018/O/ME-SA/Unknown,2018,VNM,pig,O,MIDDLE-EAST-SOUTH-ASIA-ME-SA,,Pool1
ON868521/VNM/pig/2018/O/ME-SA/Unknown,2018,VNM,pig,O,MIDDLE-EAST-SOUTH-ASIA-ME-SA,,Pool1
ON557390/ZMB/cow/2015/SAT3/I-SEZ/Unknown,2015,ZMB,cow,SAT3,I-SOUTHEAST-ZIMBABWE-SEZ,,Pool6
OP751924/IDN/cattle/2022/O/ME-SA/Unknown,2022,IDN,cattle,O,MIDDLE-EAST-SOUTH-ASIA-ME-SA,,
ON784047/UGA/cow/2015/O/EA-2/Unknown,2015,UGA,cow,O,EAST-AFRICA-2-EA-2,,Pool4
ON784046/UGA/cow/2015/O/EA-2/Unknown,2015,UGA,cow,O,EAST-AFRICA-2-EA-2,,Pool4
ON784045/UGA/cow/2015/O/EA-2/Unknown,2015,UGA,cow,O,EAST-AFRICA-2-EA-2,,Pool4
ON736860/UGA/cow/2015/O/EA-2/Unknown,2015,UGA,cow,O,EAST-AFRICA-2-EA-2,,Pool4
OM863583/KEN/cattle/2013/SAT1/I-NWZ/Unknown,2013,KEN,cattle,SAT1,I-NORTHWEST-ZIMBABWE-NWZ,,Pool4
OM863582/KEN/cattle/2010/SAT1/I-NWZ/Unknown,2010,KEN,cattle,SAT1,I-NORTHWEST-ZIMBABWE-NWZ,,Pool4
OM863581/KEN/cattle/2012/A/AFRICA/Unknown,2012,KEN,cattle,A,AFRICA,,Pool4
OM863580/EGY/cattle/2012/A/AFRICA/Unknown,2012,EGY,cattle,A,AFRICA,,Pool3/Pool4
LC729872/THA/pig/2016/O/ME-SA/Unknown,2016,THA,pig,O,MIDDLE-EAST-SOUTH-ASIA-ME-SA,,Pool1
LC729871/THA/cow/2016/O/ME-SA/Unknown,2016,THA,cow,O,MIDDLE-EAST-SOUTH-ASIA-ME-SA,,Pool1
LC729870/THA/cow/2016/O/ME-SA/Unknown,2016,THA,cow,O,MIDDLE-EAST-SOUTH-ASIA-ME-SA,,Pool1
OP585403/IDN/cattle/2022/O/ME-SA/Unknown,2022,IDN,cattle,O,MIDDLE-EAST-SOUTH-ASIA-ME-SA,,
OM160625/DZA/sheep/2015/O/ME-SA/Ind-2001d,2015,DZA,sheep,O,MIDDLE-EAST-SOUTH-ASIA-ME-SA,Ind-2001d,
OM160624/DZA/cattle/2014/O/ME-SA/Ind-2001d,2014,DZA,cattle,O,MIDDLE-EAST-SOUTH-ASIA-ME-SA,Ind-2001d,
OM160623/DZA/cattle/2014/O/ME-SA/Ind-2001d,2014,DZA,cattle,O,MIDDLE-EAST-SOUTH-ASIA-ME-SA,Ind-2001d,
OM160621/DZA/cattle/2014/O/ME-SA/Ind-2001d,2014,DZA,cattle,O,MIDDLE-EAST-SOUTH-ASIA-ME-SA,Ind-2001d,
OM160620/TUN/cattle/2014/O/ME-SA/Ind-2001d,2014,TUN,cattle,O,MIDDLE-EAST-SOUTH-ASIA-ME-SA,Ind-2001d,
OM160619/TUN/cattle/2014/O/ME-SA/Ind-2001d,2014,TUN,cattle,O,MIDDLE-EAST-SOUTH-ASIA-ME-SA,Ind-2001d,
OM160617/TUN/cattle/2014/O/ME-SA/Ind-2001d,2014,TUN,cattle,O,MIDDLE-EAST-SOUTH-ASIA-ME-SA,Ind-2001d,
OM160616/TUN/cattle/2014/O/ME-SA/Ind-2001d,2014,TUN,cattle,O,MIDDLE-EAST-SOUTH-ASIA-ME-SA,Ind-2001d,
OM160615/TUN/cattle/2014/O/ME-SA/Ind-2001d,2014,TUN,cattle,O,MIDDLE-EAST-SOUTH-ASIA-ME-SA,Ind-2001d,
OM160614/TUN/cattle/2014/O/ME-SA/Ind-2001d,2014,TUN,cattle,O,MIDDLE-EAST-SOUTH-ASIA-ME-SA,Ind-2001d,
OM160613/TUN/cattle/2014/O/ME-SA/Ind-2001d,2014,TUN,cattle,O,MIDDLE-EAST-SOUTH-ASIA-ME-SA,Ind-2001d,
OM160612/TUN/cattle/2014/O/ME-SA/Ind-2001d,2014,TUN,cattle,O,MIDDLE-EAST-SOUTH-ASIA-ME-SA,Ind-2001d,
OM160611/TUN/cattle/2014/O/ME-SA/Ind-2001d,2014,TUN,cattle,O,MIDDLE-EAST-SOUTH-ASIA-ME-SA,Ind-2001d,
OM160610/TUN/cattle/2014/O/ME-SA/Ind-2001d,2014,TUN,cattle,O,MIDDLE-EAST-SOUTH-ASIA-ME-SA,Ind-2001d,
OM456150/PAK/buffalo/2010/O/ME-SA/PanAsia-2,2010,PAK,buffalo,O,MIDDLE-EAST-SOUTH-ASIA-ME-SA,PanAsia-2,Pool3
OM456149/PAK/cattle/2012/O/ME-SA/PanAsia-2,2012,PAK,cattle,O,MIDDLE-EAST-SOUTH-ASIA-ME-SA,PanAsia-2,Pool3
OM456148/PAK/buffalo/2012/O/ME-SA/PanAsia-2,2012,PAK,buffalo,O,MIDDLE-EAST-SOUTH-ASIA-ME-SA,PanAsia-2,Pool3
OM456147/PAK/cattle/2011/O/ME-SA/PanAsia-2,2011,PAK,cattle,O,MIDDLE-EAST-SOUTH-ASIA-ME-SA,PanAsia-2,Pool3
OM456146/PAK/cattle/2010/O/ME-SA/PanAsia-2,2010,PAK,cattle,O,MIDDLE-EAST-SOUTH-ASIA-ME-SA,PanAsia-2,Pool3
OM456144/PAK/cattle/2010/O/ME-SA/PanAsia-2,2010,PAK,cattle,O,MIDDLE-EAST-SOUTH-ASIA-ME-SA,PanAsia-2,Pool3
OM456143/PAK/buffalo/2012/O/ME-SA/PanAsia-2,2012,PAK,buffalo,O,MIDDLE-EAST-SOUTH-ASIA-ME-SA,PanAsia-2,Pool3
OM456142/PAK/buffalo/2011/O/ME-SA/PanAsia-2,2011,PAK,buffalo,O,MIDDLE-EAST-SOUTH-ASIA-ME-SA,PanAsia-2,Pool3
OM456141/PAK/buffalo/2011/O/ME-SA/PanAsia-2,2011,PAK,buffalo,O,MIDDLE-EAST-SOUTH-ASIA-ME-SA,PanAsia-2,Pool3
OM456140/PAK/buffalo/2011/O/ME-SA/PanAsia-2,2011,PAK,buffalo,O,MIDDLE-EAST-SOUTH-ASIA-ME-SA,PanAsia-2,Pool3
OM456139/PAK/buffalo/2011/O/ME-SA/PanAsia-2,2011,PAK,buffalo,O,MIDDLE-EAST-SOUTH-ASIA-ME-SA,PanAsia-2,Pool3
OM456138/PAK/buffalo/2009/O/ME-SA/PanAsia-2,2009,PAK,buffalo,O,MIDDLE-EAST-SOUTH-ASIA-ME-SA,PanAsia-2,Pool3
OM456137/PAK/cattle/2012/O/ME-SA/PanAsia-2,2012,PAK,cattle,O,MIDDLE-EAST-SOUTH-ASIA-ME-SA,PanAsia-2,Pool3
OM456136/PAK/buffalo/2012/O/ME-SA/PanAsia-2,2012,PAK,buffalo,O,MIDDLE-EAST-SOUTH-ASIA-ME-SA,PanAsia-2,Pool3
OM456135/PAK/cattle/2012/O/ME-SA/PanAsia-2,2012,PAK,cattle,O,MIDDLE-EAST-SOUTH-ASIA-ME-SA,PanAsia-2,Pool3
OM456134/PAK/cattle/2012/O/ME-SA/PanAsia-2,2012,PAK,cattle,O,MIDDLE-EAST-SOUTH-ASIA-ME-SA,PanAsia-2,Pool3
OM455484/PAK/buffalo/2012/A/ASIA/Iran-05,2012,PAK,buffalo,A,ASIA,Iran-05,Pool3
OM455482/PAK/cattle/2009/A/ASIA/Iran-05,2009,PAK,cattle,A,ASIA,Iran-05,Pool3
OM455481/PAK/buffalo/2012/A/ASIA/Iran-05,2012,PAK,buffalo,A,ASIA,Iran-05,Pool3
OM471680/PAK/buffalo/2012/Asia1/ASIA/Unknown,2012,PAK,buffalo,Asia1,ASIA,,Pool3
OM471679/PAK/cattle/2012/Asia1/ASIA/Unknown,2012,PAK,cattle,Asia1,ASIA,,Pool3
OM471677/PAK/buffalo/2012/Asia1/ASIA/Unknown,2012,PAK,buffalo,Asia1,ASIA,,Pool3
OM471676/PAK/cattle/2011/Asia1/ASIA/Unknown,2011,PAK,cattle,Asia1,ASIA,,Pool3
OM471675/PAK/cattle/2011/Asia1/ASIA/Unknown,2011,PAK,cattle,Asia1,ASIA,,Pool3
OM471672/PAK/cattle/2012/Asia1/ASIA/Unknown,2012,PAK,cattle,Asia1,ASIA,,Pool3
OM471670/PAK/buffalo/2012/Asia1/ASIA/Unknown,2012,PAK,buffalo,Asia1,ASIA,,Pool3
OM471669/PAK/cattle/2012/Asia1/ASIA/Unknown,2012,PAK,cattle,Asia1,ASIA,,Pool3
OM471667/PAK/buffalo/2011/Asia1/ASIA/Unknown,2011,PAK,buffalo,Asia1,ASIA,,Pool3
OM471663/PAK/cattle/2012/Asia1/ASIA/Unknown,2012,PAK,cattle,Asia1,ASIA,,Pool3
OM471661/PAK/cattle/2012/Asia1/ASIA/Unknown,2012,PAK,cattle,Asia1,ASIA,,Pool3
OM471660/PAK/buffalo/2012/Asia1/ASIA/Unknown,2012,PAK,buffalo,Asia1,ASIA,,Pool3
OM022649/NER/cattle/2017/O/EA-3/Unknown,2017,NER,cattle,O,EAST-AFRICA-3-EA-3,,Pool5
OM022646/NER/cattle/2017/O/EA-3/Unknown,2017,NER,cattle,O,EAST-AFRICA-3-EA-3,,Pool5
OM022643/NER/cattle/2017/O/EA-3/Unknown,2017,NER,cattle,O,EAST-AFRICA-3-EA-3,,Pool5
OM022642/NER/cattle/2018/O/EA-3/Unknown,2018,NER,cattle,O,EAST-AFRICA-3-EA-3,,Pool5
OK019689/IRN/cow/2016/O/ME-SA/PanAsia-2,2016,IRN,cow,O,MIDDLE-EAST-SOUTH-ASIA-ME-SA,PanAsia-2,Pool3
MG334583/IRQ/cow/2009/A/ASIA/Iran-05,2009,IRQ,cow,A,ASIA,Iran-05,Pool3
MW355677/ZAF/cattle/1979/SAT3/I-SEZ/Unknown,1979,ZAF,cattle,SAT3,I-SOUTHEAST-ZIMBABWE-SEZ,,Pool6
MW355676/ZWE/cattle/1976/SAT3/I-SEZ/Unknown,1976,ZWE,cattle,SAT3,I-SOUTHEAST-ZIMBABWE-SEZ,,Pool6
MW355673/ZWE/cattle/1989/SAT2/II/Unknown,1989,ZWE,cattle,SAT2,II,,Pool6
MW355671/MOZ/Unknown/1970/SAT2/I/Unknown,1970,MOZ,,SAT2,I,,Pool6
MW355669/ZMB/cattle/1988/SAT1/I-NWZ/Unknown,1988,ZMB,cattle,SAT1,I-NORTHWEST-ZIMBABWE-NWZ,,Pool6
MW355668/TZA/cattle/1980/SAT1/I-NWZ/Unknown,1980,TZA,cattle,SAT1,I-NORTHWEST-ZIMBABWE-NWZ,,Pool4
LC564923/THA/cow/2016/A/ASIA/Sea-97,2016,THA,cow,A,ASIA,Sea-97,Pool1
LC564922/THA/cow/2016/A/ASIA/Sea-97,2016,THA,cow,A,ASIA,Sea-97,Pool1
LC564921/THA/cow/2016/A/ASIA/Sea-97,2016,THA,cow,A,ASIA,Sea-97,Pool1
LC564920/THA/cow/2015/A/ASIA/Sea-97,2015,THA,cow,A,ASIA,Sea-97,Pool1
LC564919/THA/cow/2015/A/ASIA/Sea-97,2015,THA,cow,A,ASIA,Sea-97,Pool1
LC564918/THA/cow/2015/A/ASIA/Sea-97,2015,THA,cow,A,ASIA,Sea-97,Pool1
LC564917/THA/cow/2015/A/ASIA/Sea-97,2015,THA,cow,A,ASIA,Sea-97,Pool1
LC564916/THA/cow/2014/A/ASIA/Sea-97,2014,THA,cow,A,ASIA,Sea-97,Pool1
LC564915/THA/cow/2014/A/ASIA/Sea-97,2014,THA,cow,A,ASIA,Sea-97,Pool1
LC564914/THA/cow/2014/A/ASIA/Sea-97,2014,THA,cow,A,ASIA,Sea-97,Pool1
LC564912/THA/cow/2013/A/ASIA/Sea-97,2013,THA,cow,A,ASIA,Sea-97,Pool1
LC564911/THA/cow/2013/A/ASIA/Sea-97,2013,THA,cow,A,ASIA,Sea-97,Pool1
LC564909/THA/cow/2012/A/ASIA/Sea-97,2012,THA,cow,A,ASIA,Sea-97,Pool1
LC564907/THA/cow/2011/A/ASIA/Sea-97,2011,THA,cow,A,ASIA,Sea-97,Pool1
LC564906/THA/cow/2011/A/ASIA/Sea-97,2011,THA,cow,A,ASIA,Sea-97,Pool1
LC564905/THA/cow/2011/A/ASIA/Sea-97,2011,THA,cow,A,ASIA,Sea-97,Pool1
LC564904/THA/cow/2010/A/ASIA/Sea-97,2010,THA,cow,A,ASIA,Sea-97,Pool1
LC564903/THA/cow/2010/A/ASIA/Sea-97,2010,THA,cow,A,ASIA,Sea-97,Pool1
LC564902/THA/cow/2010/A/ASIA/Sea-97,2010,THA,cow,A,ASIA,Sea-97,Pool1
LC564901/THA/cow/2009/A/ASIA/Sea-97,2009,THA,cow,A,ASIA,Sea-97,Pool1
LC564900/THA/cow/2009/A/ASIA/Sea-97,2009,THA,cow,A,ASIA,Sea-97,Pool1
LC564898/THA/cow/2008/A/ASIA/Sea-97,2008,THA,cow,A,ASIA,Sea-97,Pool1
LC564896/THA/cow/2007/A/ASIA/Sea-97,2007,THA,cow,A,ASIA,Sea-97,Pool1
LC564895/THA/cow/2007/A/ASIA/Sea-97,2007,THA,cow,A,ASIA,Sea-97,Pool1
LC564894/THA/cow/2007/A/ASIA/Sea-97,2007,THA,cow,A,ASIA,Sea-97,Pool1
MW715629/NER/cow/2017/SAT2/VII/Unknown,2017,NER,cow,SAT2,VII,,Pool5
MW715628/NER/cow/2017/SAT2/VII/Unknown,2017,NER,cow,SAT2,VII,,Pool5
MW715627/NER/cow/2017/SAT2/VII/Unknown,2017,NER,cow,SAT2,VII,,Pool5
MW715624/NER/cow/2017/SAT2/VII/Unknown,2017,NER,cow,SAT2,VII,,Pool5
MW715623/NER/cow/2017/SAT2/VII/Unknown,2017,NER,cow,SAT2,VII,,Pool5
MW715622/NER/cow/2018/SAT2/VII/Unknown,2018,NER,cow,SAT2,VII,,Pool5
KY444649/THA/pig/2016/O/SEA/Unknown,2016,THA,pig,O,SOUTHEAST-ASIA-SEA,,Pool1
KY444648/THA/pig/2016/O/SEA/Unknown,2016,THA,pig,O,SOUTHEAST-ASIA-SEA,,Pool1
KY444647/THA/pig/2016/O/SEA/Unknown,2016,THA,pig,O,SOUTHEAST-ASIA-SEA,,Pool1
KY444646/THA/pig/2016/O/SEA/Unknown,2016,THA,pig,O,SOUTHEAST-ASIA-SEA,,Pool1
KY444644/THA/pig/2013/O/SEA/Mya-98,2013,THA,pig,O,SOUTHEAST-ASIA-SEA,Mya-98,Pool1
MT944983/IRN/goat/2016/O/ME-SA/PanAsia-2,2016,IRN,goat,O,MIDDLE-EAST-SOUTH-ASIA-ME-SA,PanAsia-2,Pool3
MT944981/IRN/dog/2016/O/ME-SA/PanAsia-2,2016,IRN,dog,O,MIDDLE-EAST-SOUTH-ASIA-ME-SA,PanAsia-2,Pool3
MT602092/KEN/cattle/2017/SAT2/IV/Unknown,2017,KEN,cattle,SAT2,IV,,Pool4
MT602090/ETH/cattle/2015/SAT2/VII/Unknown,2015,ETH,cattle,SAT2,VII,,Pool4
MT602089/EGY/cattle/2018/SAT2/VII/Unknown,2018,EGY,cattle,SAT2,VII,,Pool3/Pool4
MT602088/TZA/cattle/2014/SAT1/I-NWZ/Unknown,2014,TZA,cattle,SAT1,I-NORTHWEST-ZIMBABWE-NWZ,,Pool4
MT602087/TZA/cattle/2013/SAT1/I-NWZ/Unknown,2013,TZA,cattle,SAT1,I-NORTHWEST-ZIMBABWE-NWZ,,Pool4
MT602086/TZA/cattle/2012/SAT1/I-NWZ/Unknown,2012,TZA,cattle,SAT1,I-NORTHWEST-ZIMBABWE-NWZ,,Pool4
MT602085/KEN/cattle/2013/SAT1/I-NWZ/Unknown,2013,KEN,cattle,SAT1,I-NORTHWEST-ZIMBABWE-NWZ,,Pool4
MT602084/KEN/cattle/2018/O/EA-2/Unknown,2018,KEN,cattle,O,EAST-AFRICA-2-EA-2,,Pool4
MT602081/ETH/cattle/2015/O/EA-3/Unknown,2015,ETH,cattle,O,EAST-AFRICA-3-EA-3,,Pool4
MT602079/SDN/cattle/2018/A/AFRICA/Unknown,2018,SDN,cattle,A,AFRICA,,Pool4
MT602078/ETH/cattle/2019/A/AFRICA/Unknown,2019,ETH,cattle,A,AFRICA,,Pool4
MT602077/ETH/cattle/2018/A/AFRICA/Unknown,2018,ETH,cattle,A,AFRICA,,Pool4
MT863268/EGY/water-buffalo/2016/A/AFRICA/Unknown,2016,EGY,water-buffalo,A,AFRICA,,Pool3/Pool4
KY322680/VNM/cattle/2013/A/ASIA/Sea-97,2013,VNM,cattle,A,ASIA,Sea-97,Pool1
KY322678/MYS/cattle/2013/A/ASIA/Sea-97,2013,MYS,cattle,A,ASIA,Sea-97,Pool1
KY322677/MYS/cattle/2013/A/ASIA/Sea-97,2013,MYS,cattle,A,ASIA,Sea-97,Pool1
KY322676/MYS/cattle/2013/A/ASIA/Sea-97,2013,MYS,cattle,A,ASIA,Sea-97,Pool1
KY322675/LAO/cattle/2014/A/ASIA/Sea-97,2014,LAO,cattle,A,ASIA,Sea-97,Pool1
KY322673/MYS/cattle/2014/O/SEA/Mya-98,2014,MYS,cattle,O,SOUTHEAST-ASIA-SEA,Mya-98,Pool1
KY322672/MYS/cattle/2014/O/SEA/Unknown,2014,MYS,cattle,O,SOUTHEAST-ASIA-SEA,,Pool1
KY322671/MYS/cattle/2014/O/SEA/Mya-98,2014,MYS,cattle,O,SOUTHEAST-ASIA-SEA,Mya-98,Pool1
KY322670/LAO/cattle/2013/O/SEA/Mya-98,2013,LAO,cattle,O,SOUTHEAST-ASIA-SEA,Mya-98,Pool1
MN983158/IND/cattle/2009/O/ME-SA/Unknown,2009,IND,cattle,O,MIDDLE-EAST-SOUTH-ASIA-ME-SA,,Pool2
MN983157/IND/cattle/2009/O/ME-SA/Ind-2001c,2009,IND,cattle,O,MIDDLE-EAST-SOUTH-ASIA-ME-SA,Ind-2001c,Pool2
MN983156/IND/cattle/2008/O/ME-SA/Unknown,2008,IND,cattle,O,MIDDLE-EAST-SOUTH-ASIA-ME-SA,,Pool2
MN983155/IND/cattle/2008/O/ME-SA/Ind-2001b,2008,IND,cattle,O,MIDDLE-EAST-SOUTH-ASIA-ME-SA,Ind-2001b,Pool2
MN983154/IND/cattle/2005/O/ME-SA/Ind-2001b,2005,IND,cattle,O,MIDDLE-EAST-SOUTH-ASIA-ME-SA,Ind-2001b,Pool2
MN983153/IND/cattle/2001/O/ME-SA/Ind-2001b,2001,IND,cattle,O,MIDDLE-EAST-SOUTH-ASIA-ME-SA,Ind-2001b,Pool2
MN983152/IND/cattle/1997/O/ME-SA/Ind-2001a,1997,IND,cattle,O,MIDDLE-EAST-SOUTH-ASIA-ME-SA,Ind-2001a,Pool2
MN953620/PAK/cattle/2019/O/ME-SA/Unknown,2019,PAK,cattle,O,MIDDLE-EAST-SOUTH-ASIA-ME-SA,,Pool3
MN953619/PAK/cattle/2019/O/ME-SA/Unknown,2019,PAK,cattle,O,MIDDLE-EAST-SOUTH-ASIA-ME-SA,,Pool3
MN389541/CHN/pig/2010/O/SEA/Unknown,2010,CHN,pig,O,SOUTHEAST-ASIA-SEA,,Pool1
MK940253/SAU/cattle/2017/A/ASIA/Unknown,2017,SAU,cattle,A,ASIA,,Pool3
MN062587/PAK/cattle/2009/A/ASIA/Iran-05,2009,PAK,cattle,A,ASIA,Iran-05,Pool3
MN062586/AFG/cattle/2009/A/ASIA/Iran-05,2009,AFG,cattle,A,ASIA,Iran-05,Pool3
MN062585/TUR/cattle/2010/O/ME-SA/PanAsia-2,2010,TUR,cattle,O,MIDDLE-EAST-SOUTH-ASIA-ME-SA,PanAsia-2,Pool3
MN062583/PAK/cattle/2009/O/ME-SA/PanAsia-2,2009,PAK,cattle,O,MIDDLE-EAST-SOUTH-ASIA-ME-SA,PanAsia-2,Pool3
MN062582/PAK/buffalo/2009/O/ME-SA/PanAsia-2,2009,PAK,buffalo,O,MIDDLE-EAST-SOUTH-ASIA-ME-SA,PanAsia-2,Pool3
MN062580/IRN/cattle/2010/O/ME-SA/PanAsia-2,2010,IRN,cattle,O,MIDDLE-EAST-SOUTH-ASIA-ME-SA,PanAsia-2,Pool3
MN062579/IRN/cattle/2010/O/ME-SA/PanAsia-2,2010,IRN,cattle,O,MIDDLE-EAST-SOUTH-ASIA-ME-SA,PanAsia-2,Pool3
MN250318/VNM/pig/2019/O/CATHAY/Unknown,2019,VNM,pig,O,CATHAY,,Pool1
MN250317/VNM/pig/2018/O/CATHAY/Unknown,2018,VNM,pig,O,CATHAY,,Pool1
MN250316/VNM/pig/2018/O/CATHAY/Unknown,2018,VNM,pig,O,CATHAY,,Pool1
MN250315/VNM/pig/2018/O/CATHAY/Unknown,2018,VNM,pig,O,CATHAY,,Pool1
MN275121/CMR/cow/2016/SAT1/X/Unknown,2016,CMR,cow,SAT1,X,,Pool5
MN116688/KEN/cow/2016/A/AFRICA/Unknown,2016,KEN,cow,A,AFRICA,,Pool4
MN103523/NER/cow/2014/SAT2/VII/Unknown,2014,NER,cow,SAT2,VII,,Pool5
MN116694/KEN/cow/2016/O/EA-2/Unknown,2016,KEN,cow,O,EAST-AFRICA-2-EA-2,,Pool4
MN116693/KEN/cow/2014/O/EA-2/Unknown,2014,KEN,cow,O,EAST-AFRICA-2-EA-2,,Pool4
MN116692/KEN/cow/2014/SAT2/IV/Unknown,2014,KEN,cow,SAT2,IV,,Pool4
MN116691/KEN/cow/2016/SAT1/I-NWZ/Unknown,2016,KEN,cow,SAT1,I-NORTHWEST-ZIMBABWE-NWZ,,Pool4
MN116690/KEN/cow/2014/SAT1/I-NWZ/Unknown,2014,KEN,cow,SAT1,I-NORTHWEST-ZIMBABWE-NWZ,,Pool4
MN116689/KEN/cow/2014/SAT1/I-NWZ/Unknown,2014,KEN,cow,SAT1,I-NORTHWEST-ZIMBABWE-NWZ,,Pool4
MN095371/IND/cattle/2014/O/ME-SA/Ind-2001d,2014,IND,cattle,O,MIDDLE-EAST-SOUTH-ASIA-ME-SA,Ind-2001d,Pool2
MN095365/IND/cattle/2014/O/ME-SA/Ind-2001d,2014,IND,cattle,O,MIDDLE-EAST-SOUTH-ASIA-ME-SA,Ind-2001d,Pool2
MN095364/IND/cattle/2014/O/ME-SA/Ind-2001d,2014,IND,cattle,O,MIDDLE-EAST-SOUTH-ASIA-ME-SA,Ind-2001d,Pool2
MN095363/IND/cattle/2013/O/ME-SA/Ind-2001d,2013,IND,cattle,O,MIDDLE-EAST-SOUTH-ASIA-ME-SA,Ind-2001d,Pool2
MN095357/IND/cattle/2013/O/ME-SA/Ind-2001d,2013,IND,cattle,O,MIDDLE-EAST-SOUTH-ASIA-ME-SA,Ind-2001d,Pool2
MN095355/IND/cattle/2013/O/ME-SA/Ind-2001d,2013,IND,cattle,O,MIDDLE-EAST-SOUTH-ASIA-ME-SA,Ind-2001d,Pool2
MN095354/IND/cattle/2013/O/ME-SA/Ind-2001d,2013,IND,cattle,O,MIDDLE-EAST-SOUTH-ASIA-ME-SA,Ind-2001d,Pool2
NC_039210/GBR/Unknown/1965/O/EURO-SA/Unknown,1965,GBR,,O,EUROPE-SOUTH-AMERICA-EURO-SA,,
LC456873/GHA/cow/2018/O/EA-3/Unknown,2018,GHA,cow,O,EAST-AFRICA-3-EA-3,,Pool5
LC456871/GHA/cow/2018/O/EA-3/Unknown,2018,GHA,cow,O,EAST-AFRICA-3-EA-3,,Pool5
MK071699/BGD/cattle/2013/O/ME-SA/Unknown,2013,BGD,cattle,O,MIDDLE-EAST-SOUTH-ASIA-ME-SA,,Pool2
LC438823/MMR/cow/2016/O/ME-SA/Unknown,2016,MMR,cow,O,MIDDLE-EAST-SOUTH-ASIA-ME-SA,,Pool1
LC438822/MMR/cow/2016/O/ME-SA/Unknown,2016,MMR,cow,O,MIDDLE-EAST-SOUTH-ASIA-ME-SA,,Pool1
MH845413/VNM/pig/2014/O/SEA/Unknown,2014,VNM,pig,O,SOUTHEAST-ASIA-SEA,,Pool1
MF947143/VNM/cattle/2013/O/ME-SA/Unknown,2013,VNM,cattle,O,MIDDLE-EAST-SOUTH-ASIA-ME-SA,,Pool1
MF947137/VNM/buffalo/2012/O/ME-SA/Unknown,2012,VNM,buffalo,O,MIDDLE-EAST-SOUTH-ASIA-ME-SA,,Pool1
MF947132/VNM/buffalo/2015/O/ME-SA/Unknown,2015,VNM,buffalo,O,MIDDLE-EAST-SOUTH-ASIA-ME-SA,,Pool1
MF947131/VNM/pig/2013/O/ME-SA/Unknown,2013,VNM,pig,O,MIDDLE-EAST-SOUTH-ASIA-ME-SA,,Pool1
MF947129/VNM/pig/2014/O/ME-SA/Unknown,2014,VNM,pig,O,MIDDLE-EAST-SOUTH-ASIA-ME-SA,,Pool1
MF947128/VNM/cattle/2010/O/ME-SA/Unknown,2010,VNM,cattle,O,MIDDLE-EAST-SOUTH-ASIA-ME-SA,,Pool1
MF947127/VNM/buffalo/2012/O/ME-SA/Unknown,2012,VNM,buffalo,O,MIDDLE-EAST-SOUTH-ASIA-ME-SA,,Pool1
MF947126/VNM/pig/2011/O/ME-SA/Unknown,2011,VNM,pig,O,MIDDLE-EAST-SOUTH-ASIA-ME-SA,,Pool1
MF947124/VNM/cattle/2012/O/ME-SA/Unknown,2012,VNM,cattle,O,MIDDLE-EAST-SOUTH-ASIA-ME-SA,,Pool1
MF947123/VNM/buffalo/2011/O/ME-SA/Unknown,2011,VNM,buffalo,O,MIDDLE-EAST-SOUTH-ASIA-ME-SA,,Pool1
MH891503/VNM/cow/2017/O/ME-SA/Unknown,2017,VNM,cow,O,MIDDLE-EAST-SOUTH-ASIA-ME-SA,,Pool1
MH784405/PAK/cattle/2017/O/ME-SA/PanAsia-2,2017,PAK,cattle,O,MIDDLE-EAST-SOUTH-ASIA-ME-SA,PanAsia-2,Pool3
MH784404/PAK/water-buffalo/2017/O/ME-SA/PanAsia-2,2017,PAK,water-buffalo,O,MIDDLE-EAST-SOUTH-ASIA-ME-SA,PanAsia-2,Pool3
MH784403/PAK/cattle/2016/O/ME-SA/PanAsia-2,2016,PAK,cattle,O,MIDDLE-EAST-SOUTH-ASIA-ME-SA,PanAsia-2,Pool3
MG983741/VNM/cattle/2016/O/ME-SA/Unknown,2016,VNM,cattle,O,MIDDLE-EAST-SOUTH-ASIA-ME-SA,,Pool1
MG983740/VNM/cattle/2015/O/ME-SA/Ind-2001d,2015,VNM,cattle,O,MIDDLE-EAST-SOUTH-ASIA-ME-SA,Ind-2001d,Pool1
MG983739/ARE/cattle/2016/O/ME-SA/Unknown,2016,ARE,cattle,O,MIDDLE-EAST-SOUTH-ASIA-ME-SA,,Pool3
MG983738/ARE/cattle/2016/O/ME-SA/Unknown,2016,ARE,cattle,O,MIDDLE-EAST-SOUTH-ASIA-ME-SA,,Pool3
MG983737/ARE/gazelle/2014/O/ME-SA/Ind-2001d,2014,ARE,gazelle,O,MIDDLE-EAST-SOUTH-ASIA-ME-SA,Ind-2001d,Pool3
MG983735/TUN/Unknown/2014/O/ME-SA/Ind-2001d,2014,TUN,,O,MIDDLE-EAST-SOUTH-ASIA-ME-SA,Ind-2001d,
MG983734/LKA/water-buffalo/2014/O/ME-SA/Ind-2001d,2014,LKA,water-buffalo,O,MIDDLE-EAST-SOUTH-ASIA-ME-SA,Ind-2001d,Pool2
MG983733/LKA/cattle/2014/O/ME-SA/Ind-2001d,2014,LKA,cattle,O,MIDDLE-EAST-SOUTH-ASIA-ME-SA,Ind-2001d,Pool2
MG983732/LKA/cattle/2014/O/ME-SA/Ind-2001d,2014,LKA,cattle,O,MIDDLE-EAST-SOUTH-ASIA-ME-SA,Ind-2001d,Pool2
MG983731/LKA/cattle/2013/O/ME-SA/Ind-2001d,2013,LKA,cattle,O,MIDDLE-EAST-SOUTH-ASIA-ME-SA,Ind-2001d,Pool2
MG983730/KOR/cattle/2017/O/ME-SA/Unknown,2017,KOR,cattle,O,MIDDLE-EAST-SOUTH-ASIA-ME-SA,,Pool1
MG983729/SAU/cattle/2016/O/ME-SA/Unknown,2016,SAU,cattle,O,MIDDLE-EAST-SOUTH-ASIA-ME-SA,,Pool3
MG983728/SAU/cattle/2016/O/ME-SA/Unknown,2016,SAU,cattle,O,MIDDLE-EAST-SOUTH-ASIA-ME-SA,,Pool3
MG983727/SAU/cattle/2015/O/ME-SA/Unknown,2015,SAU,cattle,O,MIDDLE-EAST-SOUTH-ASIA-ME-SA,,Pool3
MG983726/SAU/cattle/2014/O/ME-SA/Ind-2001d,2014,SAU,cattle,O,MIDDLE-EAST-SOUTH-ASIA-ME-SA,Ind-2001d,Pool3
MG983725/SAU/cattle/2014/O/ME-SA/Ind-2001d,2014,SAU,cattle,O,MIDDLE-EAST-SOUTH-ASIA-ME-SA,Ind-2001d,Pool3
MG983724/SAU/cattle/2013/O/ME-SA/Ind-2001d,2013,SAU,cattle,O,MIDDLE-EAST-SOUTH-ASIA-ME-SA,Ind-2001d,Pool3
MG983723/SAU/cattle/2013/O/ME-SA/Ind-2001d,2013,SAU,cattle,O,MIDDLE-EAST-SOUTH-ASIA-ME-SA,Ind-2001d,Pool3
MG983722/SAU/cattle/2013/O/ME-SA/Ind-2001d,2013,SAU,cattle,O,MIDDLE-EAST-SOUTH-ASIA-ME-SA,Ind-2001d,Pool3
MG983721/SAU/cattle/2013/O/ME-SA/Ind-2001d,2013,SAU,cattle,O,MIDDLE-EAST-SOUTH-ASIA-ME-SA,Ind-2001d,Pool3
MG983720/RUS/cattle/2016/O/ME-SA/Unknown,2016,RUS,cattle,O,MIDDLE-EAST-SOUTH-ASIA-ME-SA,,Pool1/Pool3
MG983719/NPL/cattle/2015/O/ME-SA/Unknown,2015,NPL,cattle,O,MIDDLE-EAST-SOUTH-ASIA-ME-SA,,Pool2
MG983718/NPL/cattle/2015/O/ME-SA/Unknown,2015,NPL,cattle,O,MIDDLE-EAST-SOUTH-ASIA-ME-SA,,Pool2
MG983717/NPL/cattle/2015/O/ME-SA/Ind-2001d,2015,NPL,cattle,O,MIDDLE-EAST-SOUTH-ASIA-ME-SA,Ind-2001d,Pool2
MG983716/NPL/cattle/2014/O/ME-SA/Ind-2001d,2014,NPL,cattle,O,MIDDLE-EAST-SOUTH-ASIA-ME-SA,Ind-2001d,Pool2
MG983715/NPL/cattle/2014/O/ME-SA/Ind-2001d,2014,NPL,cattle,O,MIDDLE-EAST-SOUTH-ASIA-ME-SA,Ind-2001d,Pool2
MG983714/NPL/pig/2013/O/ME-SA/Ind-2001d,2013,NPL,pig,O,MIDDLE-EAST-SOUTH-ASIA-ME-SA,Ind-2001d,Pool2
MG983713/NPL/cattle/2013/O/ME-SA/Ind-2001d,2013,NPL,cattle,O,MIDDLE-EAST-SOUTH-ASIA-ME-SA,Ind-2001d,Pool2
MG983712/NPL/cattle/2013/O/ME-SA/Ind-2001d,2013,NPL,cattle,O,MIDDLE-EAST-SOUTH-ASIA-ME-SA,Ind-2001d,Pool2
MG983711/NPL/cattle/2013/O/ME-SA/Ind-2001d,2013,NPL,cattle,O,MIDDLE-EAST-SOUTH-ASIA-ME-SA,Ind-2001d,Pool2
MG983710/NPL/water-buffalo/2012/O/ME-SA/Unknown,2012,NPL,water-buffalo,O,MIDDLE-EAST-SOUTH-ASIA-ME-SA,,Pool2
MG983709/NPL/cattle/2012/O/ME-SA/Ind-2001d,2012,NPL,cattle,O,MIDDLE-EAST-SOUTH-ASIA-ME-SA,Ind-2001d,Pool2
MG983708/NPL/cattle/2012/O/ME-SA/Ind-2001d,2012,NPL,cattle,O,MIDDLE-EAST-SOUTH-ASIA-ME-SA,Ind-2001d,Pool2
MG983707/NPL/water-buffalo/2012/O/ME-SA/Unknown,2012,NPL,water-buffalo,O,MIDDLE-EAST-SOUTH-ASIA-ME-SA,,Pool2
MG983706/NPL/cattle/2010/O/ME-SA/Ind-2001d,2010,NPL,cattle,O,MIDDLE-EAST-SOUTH-ASIA-ME-SA,Ind-2001d,Pool2
MG983705/NPL/cattle/2010/O/ME-SA/Ind-2001d,2010,NPL,cattle,O,MIDDLE-EAST-SOUTH-ASIA-ME-SA,Ind-2001d,Pool2
MG983704/NPL/cattle/2008/O/ME-SA/Unknown,2008,NPL,cattle,O,MIDDLE-EAST-SOUTH-ASIA-ME-SA,,Pool2
MG983703/MMR/cattle/2016/O/ME-SA/Unknown,2016,MMR,cattle,O,MIDDLE-EAST-SOUTH-ASIA-ME-SA,,Pool1
MG983702/MUS/cattle/2016/O/ME-SA/Unknown,2016,MUS,cattle,O,MIDDLE-EAST-SOUTH-ASIA-ME-SA,,
MG983701/MUS/cattle/2016/O/ME-SA/Unknown,2016,MUS,cattle,O,MIDDLE-EAST-SOUTH-ASIA-ME-SA,,
MG983700/MUS/cattle/2016/O/ME-SA/Unknown,2016,MUS,cattle,O,MIDDLE-EAST-SOUTH-ASIA-ME-SA,,
MG983699/MUS/cattle/2016/O/ME-SA/Unknown,2016,MUS,cattle,O,MIDDLE-EAST-SOUTH-ASIA-ME-SA,,
MG983697/LBY/cattle/2013/O/ME-SA/Ind-2001d,2013,LBY,cattle,O,MIDDLE-EAST-SOUTH-ASIA-ME-SA,Ind-2001d,Pool3/Pool4
MG983696/LBY/cattle/2013/O/ME-SA/Ind-2001d,2013,LBY,cattle,O,MIDDLE-EAST-SOUTH-ASIA-ME-SA,Ind-2001d,Pool3/Pool4
MG983695/LBY/cattle/2013/O/ME-SA/Ind-2001d,2013,LBY,cattle,O,MIDDLE-EAST-SOUTH-ASIA-ME-SA,Ind-2001d,Pool3/Pool4
MG983694/LBY/cattle/2013/O/ME-SA/Ind-2001d,2013,LBY,cattle,O,MIDDLE-EAST-SOUTH-ASIA-ME-SA,Ind-2001d,Pool3/Pool4
MG983693/LAO/Unknown/2015/O/ME-SA/Ind-2001d,2015,LAO,,O,MIDDLE-EAST-SOUTH-ASIA-ME-SA,Ind-2001d,Pool1
MG983692/IRN/cattle/2009/O/ME-SA/Ind-2001d,2009,IRN,cattle,O,MIDDLE-EAST-SOUTH-ASIA-ME-SA,Ind-2001d,Pool3
MG983691/BTN/cattle/2016/O/ME-SA/Unknown,2016,BTN,cattle,O,MIDDLE-EAST-SOUTH-ASIA-ME-SA,,Pool2
MG983690/BTN/cattle/2016/O/ME-SA/Ind-2001d,2016,BTN,cattle,O,MIDDLE-EAST-SOUTH-ASIA-ME-SA,Ind-2001d,Pool2
MG983689/BTN/cattle/2012/O/ME-SA/Unknown,2012,BTN,cattle,O,MIDDLE-EAST-SOUTH-ASIA-ME-SA,,Pool2
MG983688/BTN/cattle/2009/O/ME-SA/Ind-2001d,2009,BTN,cattle,O,MIDDLE-EAST-SOUTH-ASIA-ME-SA,Ind-2001d,Pool2
MG983687/BTN/cattle/2009/O/ME-SA/Ind-2001d,2009,BTN,cattle,O,MIDDLE-EAST-SOUTH-ASIA-ME-SA,Ind-2001d,Pool2
MG983686/BHR/cattle/2015/O/ME-SA/Ind-2001d,2015,BHR,cattle,O,MIDDLE-EAST-SOUTH-ASIA-ME-SA,Ind-2001d,Pool3
MG983685/BHR/cattle/2015/O/ME-SA/Ind-2001d,2015,BHR,cattle,O,MIDDLE-EAST-SOUTH-ASIA-ME-SA,Ind-2001d,Pool3
MG983684/BGD/cattle/2009/O/ME-SA/Ind-2001d,2009,BGD,cattle,O,MIDDLE-EAST-SOUTH-ASIA-ME-SA,Ind-2001d,Pool2
MG923580/DZA/cattle/2017/A/AFRICA/Unknown,2017,DZA,cattle,A,AFRICA,,
MG923579/DZA/cattle/2017/A/AFRICA/Unknown,2017,DZA,cattle,A,AFRICA,,
MF372126/IND/gayal/1994/Asia1/ASIA/Unknown,1994,IND,gayal,Asia1,ASIA,,Pool2
MF372125/IND/gayal/2016/Asia1/ASIA/Unknown,2016,IND,gayal,Asia1,ASIA,,Pool2
MF461724/CHN/cattle/2017/O/ME-SA/Unknown,2017,CHN,cattle,O,MIDDLE-EAST-SOUTH-ASIA-ME-SA,,Pool1
KY234502/CHN/pig/2015/O/ME-SA/Unknown,2015,CHN,pig,O,MIDDLE-EAST-SOUTH-ASIA-ME-SA,,Pool1
KY234501/CHN/cow/2011/O/ME-SA/Unknown,2011,CHN,cow,O,MIDDLE-EAST-SOUTH-ASIA-ME-SA,,Pool1
MH053352/ZWE/african-buffalo/1990/SAT3/III-NWZ/Unknown,1990,ZWE,african-buffalo,SAT3,III-NORTHWEST-ZIMBABWE-NWZ,,Pool6
MH053351/ZWE/cattle/1984/SAT3/II-WZ/Unknown,1984,ZWE,cattle,SAT3,II-WESTERN-ZIMBABWE-WZ,,Pool6
MH053350/ZWE/african-buffalo/1983/SAT3/I-SEZ/Unknown,1983,ZWE,african-buffalo,SAT3,I-SOUTHEAST-ZIMBABWE-SEZ,,Pool6
MH053348/ZWE/cattle/1977/SAT3/I-SEZ/Unknown,1977,ZWE,cattle,SAT3,I-SOUTHEAST-ZIMBABWE-SEZ,,Pool6
MH053347/ZWE/cattle/1976/SAT3/I-SEZ/Unknown,1976,ZWE,cattle,SAT3,I-SOUTHEAST-ZIMBABWE-SEZ,,Pool6
MH053346/ZWE/cattle/1976/SAT3/I-SEZ/Unknown,1976,ZWE,cattle,SAT3,I-SOUTHEAST-ZIMBABWE-SEZ,,Pool6
MH053344/ZWE/cattle/1974/SAT3/I-SEZ/Unknown,1974,ZWE,cattle,SAT3,I-SOUTHEAST-ZIMBABWE-SEZ,,Pool6
MH053343/ZWE/cattle/1934/SAT3/III-NWZ/Unknown,1934,ZWE,cattle,SAT3,III-NORTHWEST-ZIMBABWE-NWZ,,Pool6
MH053338/BWA/cattle/1966/SAT3/II-WZ/Unknown,1966,BWA,cattle,SAT3,II-WESTERN-ZIMBABWE-WZ,,Pool6
MH053335/ZWE/cattle/1965/SAT2/I/Unknown,1965,ZWE,cattle,SAT2,I,,Pool6
MH053334/ZMB/cattle/1964/SAT2/III/Unknown,1964,ZMB,cattle,SAT2,III,,Pool6
MH053333/ETH/cattle/1989/SAT2/IV/Unknown,1989,ETH,cattle,SAT2,IV,,Pool4
MH053332/BWA/african-buffalo/1974/SAT2/II/Unknown,1974,BWA,african-buffalo,SAT2,II,,Pool6
MH053331/BWA/african-buffalo/1972/SAT2/II/Unknown,1972,BWA,african-buffalo,SAT2,II,,Pool6
MH053328/BWA/african-buffalo/1968/SAT2/III/Unknown,1968,BWA,african-buffalo,SAT2,III,,Pool6
MH053326/UGA/african-buffalo/1970/SAT1/IV-EA-1/Unknown,1970,UGA,african-buffalo,SAT1,IV-EAST-AFRICA1-EA-1,,Pool4
MH053325/UGA/cattle/1978/SAT1/VII-EA-2/Unknown,1978,UGA,cattle,SAT1,VII-EAST-AFRICA-2-EA-2,,Pool4
MH053323/TCD/cattle/1972/SAT1/VI/Unknown,1972,TCD,cattle,SAT1,VI,,Pool4/Pool5
MH053322/NAM/african-buffalo/1989/SAT1/III-WZ/Unknown,1989,NAM,african-buffalo,SAT1,III-WESTERN-ZIMBABWE-WZ,,Pool6
MH053321/MOZ/cattle/1981/SAT1/ASIA/Unknown,1981,MOZ,cattle,SAT1,ASIA,,Pool6
MH053320/KEN/cattle/1983/SAT1/I-NWZ/Unknown,1983,KEN,cattle,SAT1,I-NORTHWEST-ZIMBABWE-NWZ,,Pool4
MH053318/UGA/Unknown/2002/O/EA-2/Unknown,2002,UGA,,O,EAST-AFRICA-2-EA-2,,Pool4
MH053317/UGA/Unknown/1998/O/EA-4/Unknown,1998,UGA,,O,EAST-AFRICA-4-EA-4,,Pool4
MH053316/UGA/cattle/1996/O/EA-1/Unknown,1996,UGA,cattle,O,EAST-AFRICA-1-EA-1,,Pool4
MH053315/SDN/Unknown/1976/O/WA/Unknown,1976,SDN,,O,WEST-AFRICA-WA,,Pool4
MH053314/ETH/cattle/2007/O/EA-3/Unknown,2007,ETH,cattle,O,EAST-AFRICA-3-EA-3,,Pool4
MH053313/ETH/cattle/2006/O/EA-3/Unknown,2006,ETH,cattle,O,EAST-AFRICA-3-EA-3,,Pool4
MH053312/ETH/cattle/2005/O/EA-4/Unknown,2005,ETH,cattle,O,EAST-AFRICA-4-EA-4,,Pool4
MH053311/ETH/cattle/2004/O/EA-3/Unknown,2004,ETH,cattle,O,EAST-AFRICA-3-EA-3,,Pool4
MH053310/UGA/cattle/1970/C/AFRICA/Unknown,1970,UGA,cattle,C,AFRICA,,Pool4
MH053309/KEN/cattle/1967/C/AFRICA/Unknown,1967,KEN,cattle,C,AFRICA,,Pool4
MH053308/ETH/Unknown/1971/C/AFRICA/Unknown,1971,ETH,,C,AFRICA,,Pool4
MH053307/ZMB/cattle/1990/A/AFRICA/Unknown,1990,ZMB,cattle,A,AFRICA,,Pool6
MH053306/TCD/cattle/1973/A/AFRICA/Unknown,1973,TCD,cattle,A,AFRICA,,Pool4/Pool5
MH053305/EGY/cattle/1972/A/AFRICA/Unknown,1972,EGY,cattle,A,AFRICA,,Pool3/Pool4
MG725876/NER/cow/2015/A/AFRICA/Unknown,2015,NER,cow,A,AFRICA,,Pool5
MG725875/NER/cow/2015/A/AFRICA/Unknown,2015,NER,cow,A,AFRICA,,Pool5
MG725874/NER/cow/2015/A/AFRICA/Unknown,2015,NER,cow,A,AFRICA,,Pool5
MG725873/NER/cow/2015/A/AFRICA/Unknown,2015,NER,cow,A,AFRICA,,Pool5
MG725872/NER/cow/2013/A/AFRICA/Unknown,2013,NER,cow,A,AFRICA,,Pool5
LC320038/MNG/cow/2015/O/ME-SA/Unknown,2015,MNG,cow,O,MIDDLE-EAST-SOUTH-ASIA-ME-SA,,Pool1
MF782478/BGD/cattle/2013/Asia1/ASIA/Unknown,2013,BGD,cattle,Asia1,ASIA,,Pool2
MF678826/NER/cow/2015/SAT1/X/Unknown,2015,NER,cow,SAT1,X,,Pool5
MF678824/NER/cow/2015/SAT1/X/Unknown,2015,NER,cow,SAT1,X,,Pool5
MF678823/NER/cow/2015/SAT1/X/Unknown,2015,NER,cow,SAT1,X,,Pool5
KX534089/KOR/pig/2016/O/SEA/Unknown,2016,KOR,pig,O,SOUTHEAST-ASIA-SEA,,Pool1
LC149720/JPN/pig/2010/O/SEA/Unknown,2010,JPN,pig,O,SOUTHEAST-ASIA-SEA,,
LC149719/JPN/cow/2010/O/SEA/Unknown,2010,JPN,cow,O,SOUTHEAST-ASIA-SEA,,
LC149718/JPN/cow/2010/O/SEA/Unknown,2010,JPN,cow,O,SOUTHEAST-ASIA-SEA,,
LC149717/JPN/cow/2010/O/SEA/Unknown,2010,JPN,cow,O,SOUTHEAST-ASIA-SEA,,
LC149716/JPN/cow/2010/O/SEA/Unknown,2010,JPN,cow,O,SOUTHEAST-ASIA-SEA,,
LC149713/JPN/cow/2010/O/SEA/Unknown,2010,JPN,cow,O,SOUTHEAST-ASIA-SEA,,
LC149712/JPN/cow/2010/O/SEA/Unknown,2010,JPN,cow,O,SOUTHEAST-ASIA-SEA,,
LC149711/JPN/cow/2010/O/SEA/Unknown,2010,JPN,cow,O,SOUTHEAST-ASIA-SEA,,
LC149710/JPN/cow/2010/O/SEA/Unknown,2010,JPN,cow,O,SOUTHEAST-ASIA-SEA,,
LC149709/JPN/cow/2010/O/SEA/Unknown,2010,JPN,cow,O,SOUTHEAST-ASIA-SEA,,
LC149708/JPN/cow/2010/O/SEA/Unknown,2010,JPN,cow,O,SOUTHEAST-ASIA-SEA,,
LC149707/JPN/cow/2010/O/SEA/Unknown,2010,JPN,cow,O,SOUTHEAST-ASIA-SEA,,
LC149706/JPN/cow/2010/O/SEA/Unknown,2010,JPN,cow,O,SOUTHEAST-ASIA-SEA,,
LC149705/JPN/cow/2010/O/SEA/Unknown,2010,JPN,cow,O,SOUTHEAST-ASIA-SEA,,
LC149704/JPN/cow/2010/O/SEA/Unknown,2010,JPN,cow,O,SOUTHEAST-ASIA-SEA,,
LC149702/JPN/pig/2010/O/SEA/Unknown,2010,JPN,pig,O,SOUTHEAST-ASIA-SEA,,
LC149700/JPN/cow/2010/O/SEA/Unknown,2010,JPN,cow,O,SOUTHEAST-ASIA-SEA,,
LC149699/JPN/cow/2010/O/SEA/Unknown,2010,JPN,cow,O,SOUTHEAST-ASIA-SEA,,
LC149698/JPN/cow/2010/O/SEA/Unknown,2010,JPN,cow,O,SOUTHEAST-ASIA-SEA,,
LC149697/JPN/pig/2010/O/SEA/Unknown,2010,JPN,pig,O,SOUTHEAST-ASIA-SEA,,
LC149696/JPN/cow/2010/O/SEA/Unknown,2010,JPN,cow,O,SOUTHEAST-ASIA-SEA,,
LC149695/JPN/cow/2010/O/SEA/Unknown,2010,JPN,cow,O,SOUTHEAST-ASIA-SEA,,
LC149694/JPN/cow/2010/O/SEA/Unknown,2010,JPN,cow,O,SOUTHEAST-ASIA-SEA,,
LC149693/JPN/cow/2010/O/SEA/Unknown,2010,JPN,cow,O,SOUTHEAST-ASIA-SEA,,
LC149692/JPN/pig/2010/O/SEA/Unknown,2010,JPN,pig,O,SOUTHEAST-ASIA-SEA,,
LC149690/JPN/pig/2010/O/SEA/Unknown,2010,JPN,pig,O,SOUTHEAST-ASIA-SEA,,
LC149689/JPN/cow/2010/O/SEA/Unknown,2010,JPN,cow,O,SOUTHEAST-ASIA-SEA,,
LC149688/JPN/pig/2010/O/SEA/Unknown,2010,JPN,pig,O,SOUTHEAST-ASIA-SEA,,
LC149687/JPN/cow/2010/O/SEA/Unknown,2010,JPN,cow,O,SOUTHEAST-ASIA-SEA,,
LC149686/JPN/cow/2010/O/SEA/Unknown,2010,JPN,cow,O,SOUTHEAST-ASIA-SEA,,
LC149685/JPN/cow/2010/O/SEA/Unknown,2010,JPN,cow,O,SOUTHEAST-ASIA-SEA,,
LC149682/JPN/cow/2010/O/SEA/Unknown,2010,JPN,cow,O,SOUTHEAST-ASIA-SEA,,
LC149680/JPN/cow/2010/O/SEA/Unknown,2010,JPN,cow,O,SOUTHEAST-ASIA-SEA,,
LC149679/JPN/pig/2010/O/SEA/Unknown,2010,JPN,pig,O,SOUTHEAST-ASIA-SEA,,
LC149676/JPN/pig/2010/O/SEA/Unknown,2010,JPN,pig,O,SOUTHEAST-ASIA-SEA,,
LC149673/JPN/cow/2010/O/SEA/Unknown,2010,JPN,cow,O,SOUTHEAST-ASIA-SEA,,
LC149672/JPN/cow/2010/O/SEA/Unknown,2010,JPN,cow,O,SOUTHEAST-ASIA-SEA,,
LC149671/JPN/cow/2010/O/SEA/Unknown,2010,JPN,cow,O,SOUTHEAST-ASIA-SEA,,
LC149668/JPN/cow/2010/O/SEA/Unknown,2010,JPN,cow,O,SOUTHEAST-ASIA-SEA,,
LC149665/JPN/cow/2010/O/SEA/Unknown,2010,JPN,cow,O,SOUTHEAST-ASIA-SEA,,
LC149664/JPN/cow/2010/O/SEA/Unknown,2010,JPN,cow,O,SOUTHEAST-ASIA-SEA,,
LC149663/JPN/cow/2010/O/SEA/Unknown,2010,JPN,cow,O,SOUTHEAST-ASIA-SEA,,
LC149661/JPN/cow/2010/O/SEA/Unknown,2010,JPN,cow,O,SOUTHEAST-ASIA-SEA,,
LC149660/JPN/cow/2010/O/SEA/Unknown,2010,JPN,cow,O,SOUTHEAST-ASIA-SEA,,
LC149659/JPN/cow/2010/O/SEA/Unknown,2010,JPN,cow,O,SOUTHEAST-ASIA-SEA,,
LC149658/JPN/pig/2010/O/SEA/Unknown,2010,JPN,pig,O,SOUTHEAST-ASIA-SEA,,
LC149657/JPN/pig/2010/O/SEA/Unknown,2010,JPN,pig,O,SOUTHEAST-ASIA-SEA,,
LC149655/JPN/cow/2010/O/SEA/Unknown,2010,JPN,cow,O,SOUTHEAST-ASIA-SEA,,
LC149651/JPN/cow/2010/O/SEA/Unknown,2010,JPN,cow,O,SOUTHEAST-ASIA-SEA,,
LC149649/JPN/pig/2010/O/SEA/Unknown,2010,JPN,pig,O,SOUTHEAST-ASIA-SEA,,
LC149647/JPN/cow/2010/O/SEA/Unknown,2010,JPN,cow,O,SOUTHEAST-ASIA-SEA,,
LC149646/JPN/pig/2010/O/SEA/Unknown,2010,JPN,pig,O,SOUTHEAST-ASIA-SEA,,
LC149645/JPN/cow/2010/O/SEA/Unknown,2010,JPN,cow,O,SOUTHEAST-ASIA-SEA,,
LC149644/JPN/cow/2010/O/SEA/Unknown,2010,JPN,cow,O,SOUTHEAST-ASIA-SEA,,
LC149643/JPN/pig/2010/O/SEA/Unknown,2010,JPN,pig,O,SOUTHEAST-ASIA-SEA,,
LC149642/JPN/cow/2010/O/SEA/Unknown,2010,JPN,cow,O,SOUTHEAST-ASIA-SEA,,
LC149641/JPN/pig/2010/O/SEA/Unknown,2010,JPN,pig,O,SOUTHEAST-ASIA-SEA,,
LC149639/JPN/pig/2010/O/SEA/Unknown,2010,JPN,pig,O,SOUTHEAST-ASIA-SEA,,
LC149638/JPN/cow/2010/O/SEA/Unknown,2010,JPN,cow,O,SOUTHEAST-ASIA-SEA,,
LC149637/JPN/pig/2010/O/SEA/Unknown,2010,JPN,pig,O,SOUTHEAST-ASIA-SEA,,
LC149631/JPN/cow/2010/O/SEA/Unknown,2010,JPN,cow,O,SOUTHEAST-ASIA-SEA,,
LC149629/JPN/cow/2010/O/SEA/Unknown,2010,JPN,cow,O,SOUTHEAST-ASIA-SEA,,
LC149625/JPN/cow/2010/O/SEA/Unknown,2010,JPN,cow,O,SOUTHEAST-ASIA-SEA,,
LC149624/JPN/pig/2010/O/SEA/Unknown,2010,JPN,pig,O,SOUTHEAST-ASIA-SEA,,
LC149623/JPN/cow/2010/O/SEA/Unknown,2010,JPN,cow,O,SOUTHEAST-ASIA-SEA,,
LC149622/JPN/cow/2010/O/SEA/Unknown,2010,JPN,cow,O,SOUTHEAST-ASIA-SEA,,
LC149621/JPN/wild-water-buffalo/2010/O/SEA/Unknown,2010,JPN,wild-water-buffalo,O,SOUTHEAST-ASIA-SEA,,
LC149620/JPN/cow/2010/O/SEA/Unknown,2010,JPN,cow,O,SOUTHEAST-ASIA-SEA,,
LC149619/JPN/cow/2010/O/SEA/Unknown,2010,JPN,cow,O,SOUTHEAST-ASIA-SEA,,
LC149617/JPN/cow/2010/O/SEA/Unknown,2010,JPN,cow,O,SOUTHEAST-ASIA-SEA,,
KY446903/PAK/water-buffalo/2005/O/ME-SA/Unknown,2005,PAK,water-buffalo,O,MIDDLE-EAST-SOUTH-ASIA-ME-SA,,Pool3
KY657269/VNM/pig/2015/O/ME-SA/Ind-2001d,2015,VNM,pig,O,MIDDLE-EAST-SOUTH-ASIA-ME-SA,Ind-2001d,Pool1
KY086466/KOR/pig/2016/O/SEA/Unknown,2016,KOR,pig,O,SOUTHEAST-ASIA-SEA,,Pool1
KY086465/KOR/pig/2016/O/SEA/Unknown,2016,KOR,pig,O,SOUTHEAST-ASIA-SEA,,Pool1
KX712091/BGD/pig/2015/O/ME-SA/Unknown,2015,BGD,pig,O,MIDDLE-EAST-SOUTH-ASIA-ME-SA,,Pool2
JN099699/IRQ/cattle/2009/A/ASIA/Iran-05,2009,IRQ,cattle,A,ASIA,Iran-05,Pool3
JN099698/IRQ/cattle/2009/A/ASIA/Iran-05,2009,IRQ,cattle,A,ASIA,Iran-05,Pool3
JN099697/IRQ/cattle/2009/A/ASIA/Iran-05,2009,IRQ,cattle,A,ASIA,Iran-05,Pool3
JN099694/IRQ/cattle/2009/A/ASIA/Iran-05,2009,IRQ,cattle,A,ASIA,Iran-05,Pool3
KX162590/KOR/pig/2014/O/SEA/Unknown,2014,KOR,pig,O,SOUTHEAST-ASIA-SEA,,Pool1
KU726614/GRC/sheep/1994/O/ME-SA/Unknown,1994,GRC,sheep,O,MIDDLE-EAST-SOUTH-ASIA-ME-SA,,
KU821592/ZMB/cow/2009/SAT2/III/Unknown,2009,ZMB,cow,SAT2,III,,Pool6
KU821591/ZMB/cow/2010/O/EA-2/Unknown,2010,ZMB,cow,O,EAST-AFRICA-2-EA-2,,Pool6
KU821590/NAM/cow/2010/SAT1/III-WZ/Unknown,2010,NAM,cow,SAT1,III-WESTERN-ZIMBABWE-WZ,,Pool6
KU291242/MAR/cow/2015/O/ME-SA/Ind-2001d,2015,MAR,cow,O,MIDDLE-EAST-SOUTH-ASIA-ME-SA,Ind-2001d,
KX002205/ARG/cattle/2001/A/EURO-SA/Unknown,2001,ARG,cattle,A,EUROPE-SOUTH-AMERICA-EURO-SA,,Pool7
KX002204/ARG/cattle/2001/A/EURO-SA/Unknown,2001,ARG,cattle,A,EUROPE-SOUTH-AMERICA-EURO-SA,,Pool7
KX002203/ARG/cattle/2001/A/EURO-SA/Unknown,2001,ARG,cattle,A,EUROPE-SOUTH-AMERICA-EURO-SA,,Pool7
KX002202/ARG/cattle/2001/A/EURO-SA/Unknown,2001,ARG,cattle,A,EUROPE-SOUTH-AMERICA-EURO-SA,,Pool7
KX002201/ARG/cattle/2001/A/EURO-SA/Unknown,2001,ARG,cattle,A,EUROPE-SOUTH-AMERICA-EURO-SA,,Pool7
KX002200/ARG/cattle/2001/A/EURO-SA/Unknown,2001,ARG,cattle,A,EUROPE-SOUTH-AMERICA-EURO-SA,,Pool7
KX002198/ARG/cattle/2001/A/EURO-SA/Unknown,2001,ARG,cattle,A,EUROPE-SOUTH-AMERICA-EURO-SA,,Pool7
KX002196/ARG/cattle/2001/A/EURO-SA/Unknown,2001,ARG,cattle,A,EUROPE-SOUTH-AMERICA-EURO-SA,,Pool7
KX002194/ARG/cattle/2000/A/EURO-SA/Unknown,2000,ARG,cattle,A,EUROPE-SOUTH-AMERICA-EURO-SA,,Pool7
KX002193/ARG/cattle/2001/A/EURO-SA/Unknown,2001,ARG,cattle,A,EUROPE-SOUTH-AMERICA-EURO-SA,,Pool7
KX002192/ARG/cattle/2001/A/EURO-SA/Unknown,2001,ARG,cattle,A,EUROPE-SOUTH-AMERICA-EURO-SA,,Pool7
KX002191/ARG/cattle/2001/A/EURO-SA/Unknown,2001,ARG,cattle,A,EUROPE-SOUTH-AMERICA-EURO-SA,,Pool7
KX002189/ARG/cattle/2001/A/EURO-SA/Unknown,2001,ARG,cattle,A,EUROPE-SOUTH-AMERICA-EURO-SA,,Pool7
KX002188/ARG/cattle/2001/A/EURO-SA/Unknown,2001,ARG,cattle,A,EUROPE-SOUTH-AMERICA-EURO-SA,,Pool7
KX002187/ARG/cattle/2001/A/EURO-SA/Unknown,2001,ARG,cattle,A,EUROPE-SOUTH-AMERICA-EURO-SA,,Pool7
KX002186/ARG/cattle/2001/A/EURO-SA/Unknown,2001,ARG,cattle,A,EUROPE-SOUTH-AMERICA-EURO-SA,,Pool7
KX002185/ARG/cattle/2001/A/EURO-SA/Unknown,2001,ARG,cattle,A,EUROPE-SOUTH-AMERICA-EURO-SA,,Pool7
KX002184/ARG/cattle/2001/A/EURO-SA/Unknown,2001,ARG,cattle,A,EUROPE-SOUTH-AMERICA-EURO-SA,,Pool7
KX002183/ARG/cattle/2001/A/EURO-SA/Unknown,2001,ARG,cattle,A,EUROPE-SOUTH-AMERICA-EURO-SA,,Pool7
KX002182/ARG/cattle/2001/A/EURO-SA/Unknown,2001,ARG,cattle,A,EUROPE-SOUTH-AMERICA-EURO-SA,,Pool7
KX002181/ARG/cattle/2001/A/EURO-SA/Unknown,2001,ARG,cattle,A,EUROPE-SOUTH-AMERICA-EURO-SA,,Pool7
KX002180/ARG/cattle/2001/A/EURO-SA/Unknown,2001,ARG,cattle,A,EUROPE-SOUTH-AMERICA-EURO-SA,,Pool7
KX002178/ARG/cattle/2001/A/EURO-SA/Unknown,2001,ARG,cattle,A,EUROPE-SOUTH-AMERICA-EURO-SA,,Pool7
KX002176/ARG/cattle/2001/A/EURO-SA/Unknown,2001,ARG,cattle,A,EUROPE-SOUTH-AMERICA-EURO-SA,,Pool7
KT968663/CHN/yak/2013/A/ASIA/Sea-97,2013,CHN,yak,A,ASIA,Sea-97,Pool1
HQ268509/VNM/Unknown/2004/A/ASIA/Sea-97,2004,VNM,,A,ASIA,Sea-97,Pool1
HQ832592/IND/cattle/2009/A/ASIA/Unknown,2009,IND,cattle,A,ASIA,,Pool2
HQ832591/IND/cattle/2008/A/ASIA/Unknown,2008,IND,cattle,A,ASIA,,Pool2
HQ832590/IND/cattle/2007/A/ASIA/Unknown,2007,IND,cattle,A,ASIA,,Pool2
HQ832589/IND/cattle/2006/A/ASIA/Unknown,2006,IND,cattle,A,ASIA,,Pool2
HQ832588/IND/cattle/2005/A/ASIA/Unknown,2005,IND,cattle,A,ASIA,,Pool2
HQ832586/IND/Unknown/2006/A/ASIA/Unknown,2006,IND,,A,ASIA,,Pool2
HQ832585/IND/Unknown/2005/A/ASIA/Unknown,2005,IND,,A,ASIA,,Pool2
HQ832584/IND/cattle/2005/A/ASIA/Unknown,2005,IND,cattle,A,ASIA,,Pool2
HQ832583/IND/Unknown/2005/A/ASIA/Unknown,2005,IND,,A,ASIA,,Pool2
HQ832582/IND/buffalo/2004/A/ASIA/Unknown,2004,IND,buffalo,A,ASIA,,Pool2
HQ832581/IND/cattle/2004/A/ASIA/Unknown,2004,IND,cattle,A,ASIA,,Pool2
HQ832580/IND/cattle/2003/A/ASIA/Unknown,2003,IND,cattle,A,ASIA,,Pool2
HQ832579/IND/buffalo/2003/A/ASIA/Unknown,2003,IND,buffalo,A,ASIA,,Pool2
HQ832578/IND/Unknown/2003/A/ASIA/Unknown,2003,IND,,A,ASIA,,Pool2
HQ832577/IND/Unknown/1999/A/ASIA/Unknown,1999,IND,,A,ASIA,,Pool2
KJ608371/VNM/cattle/2013/A/ASIA/Sea-97,2013,VNM,cattle,A,ASIA,Sea-97,Pool1
KP940474/EGY/cattle/2014/A/AFRICA/Unknown,2014,EGY,cattle,A,AFRICA,,Pool3/Pool4
KP940473/EGY/cattle/2014/O/ME-SA/Unknown,2014,EGY,cattle,O,MIDDLE-EAST-SOUTH-ASIA-ME-SA,,Pool3/Pool4
KJ825809/IND/buffalo/2013/O/ME-SA/Ind-2001d,2013,IND,buffalo,O,MIDDLE-EAST-SOUTH-ASIA-ME-SA,Ind-2001d,Pool2
KJ825808/IND/cattle/2013/O/ME-SA/Ind-2001d,2013,IND,cattle,O,MIDDLE-EAST-SOUTH-ASIA-ME-SA,Ind-2001d,Pool2
KJ825807/IND/cattle/2014/O/ME-SA/Ind-2001d,2014,IND,cattle,O,MIDDLE-EAST-SOUTH-ASIA-ME-SA,Ind-2001d,Pool2
KJ825806/IND/cattle/2013/O/ME-SA/Ind-2001d,2013,IND,cattle,O,MIDDLE-EAST-SOUTH-ASIA-ME-SA,Ind-2001d,Pool2
KJ825805/IND/cattle/2013/O/ME-SA/Ind-2001d,2013,IND,cattle,O,MIDDLE-EAST-SOUTH-ASIA-ME-SA,Ind-2001d,Pool2
KJ825804/IND/cattle/2013/O/ME-SA/Ind-2001d,2013,IND,cattle,O,MIDDLE-EAST-SOUTH-ASIA-ME-SA,Ind-2001d,Pool2
KJ825803/IND/cattle/2013/O/ME-SA/Ind-2001d,2013,IND,cattle,O,MIDDLE-EAST-SOUTH-ASIA-ME-SA,Ind-2001d,Pool2
KJ825802/IND/cattle/2013/O/ME-SA/Ind-2001d,2013,IND,cattle,O,MIDDLE-EAST-SOUTH-ASIA-ME-SA,Ind-2001d,Pool2
KJ825801/IND/cattle/2013/O/ME-SA/Ind-2001d,2013,IND,cattle,O,MIDDLE-EAST-SOUTH-ASIA-ME-SA,Ind-2001d,Pool2
KJ820999/UGA/cattle/2013/SAT3/V-EA/Unknown,2013,UGA,cattle,SAT3,V-East-Africa-EA,,Pool4
KJ206910/SAU/cattle/2013/O/ME-SA/Ind-2001d,2013,SAU,cattle,O,MIDDLE-EAST-SOUTH-ASIA-ME-SA,Ind-2001d,Pool3
KJ206909/LBY/cattle/2013/O/ME-SA/Ind-2001d,2013,LBY,cattle,O,MIDDLE-EAST-SOUTH-ASIA-ME-SA,Ind-2001d,Pool3/Pool4
KJ206908/BTN/cattle/2013/O/ME-SA/Ind-2001d,2013,BTN,cattle,O,MIDDLE-EAST-SOUTH-ASIA-ME-SA,Ind-2001d,Pool2
HQ268524/BTN/Unknown/2004/O/ME-SA/PanAsia-2,2004,BTN,,O,MIDDLE-EAST-SOUTH-ASIA-ME-SA,PanAsia-2,Pool2
KM268901/ZWE/cattle/1991/SAT3/I-SEZ/Unknown,1991,ZWE,cattle,SAT3,I-SOUTHEAST-ZIMBABWE-SEZ,,Pool6
KM268900/TZA/cattle/2012/SAT2/IV/Unknown,2012,TZA,cattle,SAT2,IV,,Pool4
KM268899/TZA/cattle/2012/SAT1/I-NWZ/Unknown,2012,TZA,cattle,SAT1,I-NORTHWEST-ZIMBABWE-NWZ,,Pool4
KM268898/TUR/cattle/2013/Asia1/ASIA/Unknown,2013,TUR,cattle,Asia1,ASIA,,Pool3
KM268897/KEN/cattle/2004/C/AFRICA/Unknown,2004,KEN,cattle,C,AFRICA,,Pool4
KM268896/TUR/cattle/2013/A/ASIA/Iran-05,2013,TUR,cattle,A,ASIA,Iran-05,Pool3
KM268895/TUR/cattle/2013/O/ME-SA/PanAsia-2,2013,TUR,cattle,O,MIDDLE-EAST-SOUTH-ASIA-ME-SA,PanAsia-2,Pool3
KM257065/GBR/cattle/2001/O/ME-SA/PanAsia,2001,GBR,cattle,O,MIDDLE-EAST-SOUTH-ASIA-ME-SA,PanAsia,
KM257064/GBR/cattle/2001/O/ME-SA/PanAsia,2001,GBR,cattle,O,MIDDLE-EAST-SOUTH-ASIA-ME-SA,PanAsia,
KM257063/GBR/cattle/2001/O/ME-SA/PanAsia,2001,GBR,cattle,O,MIDDLE-EAST-SOUTH-ASIA-ME-SA,PanAsia,
KM257062/GBR/cattle/2001/O/ME-SA/PanAsia,2001,GBR,cattle,O,MIDDLE-EAST-SOUTH-ASIA-ME-SA,PanAsia,
KM257061/GBR/cattle/2001/O/ME-SA/PanAsia,2001,GBR,cattle,O,MIDDLE-EAST-SOUTH-ASIA-ME-SA,PanAsia,
KJ933864/MYS/Unknown/1997/A/ASIA/Sea-97,1997,MYS,,A,ASIA,Sea-97,Pool1
JX869188/GBR/sheep/1968/O/EURO-SA/Unknown,1968,GBR,sheep,O,EUROPE-SOUTH-AMERICA-EURO-SA,,
JX869186/GBR/cattle/1968/O/EURO-SA/Unknown,1968,GBR,cattle,O,EUROPE-SOUTH-AMERICA-EURO-SA,,
JX869185/GBR/cattle/1968/O/EURO-SA/Unknown,1968,GBR,cattle,O,EUROPE-SOUTH-AMERICA-EURO-SA,,
JX869184/GBR/cattle/1968/O/EURO-SA/Unknown,1968,GBR,cattle,O,EUROPE-SOUTH-AMERICA-EURO-SA,,
JX869183/GBR/cattle/1968/O/EURO-SA/Unknown,1968,GBR,cattle,O,EUROPE-SOUTH-AMERICA-EURO-SA,,
JX869182/GBR/cattle/1968/O/EURO-SA/Unknown,1968,GBR,cattle,O,EUROPE-SOUTH-AMERICA-EURO-SA,,
JX869181/GBR/cattle/1967/O/EURO-SA/Unknown,1967,GBR,cattle,O,EUROPE-SOUTH-AMERICA-EURO-SA,,
JX869180/GBR/cattle/1967/O/EURO-SA/Unknown,1967,GBR,cattle,O,EUROPE-SOUTH-AMERICA-EURO-SA,,
JX869179/GBR/cattle/1967/O/EURO-SA/Unknown,1967,GBR,cattle,O,EUROPE-SOUTH-AMERICA-EURO-SA,,
JX869178/GBR/cattle/1967/O/EURO-SA/Unknown,1967,GBR,cattle,O,EUROPE-SOUTH-AMERICA-EURO-SA,,
JX869177/GBR/cattle/1967/O/EURO-SA/Unknown,1967,GBR,cattle,O,EUROPE-SOUTH-AMERICA-EURO-SA,,
KJ754939/BGD/cattle/2013/A/ASIA/Unknown,2013,BGD,cattle,A,ASIA,,Pool2
KF985189/BGD/cattle/2013/O/ME-SA/Unknown,2013,BGD,cattle,O,MIDDLE-EAST-SOUTH-ASIA-ME-SA,,Pool2
KC588943/KOR/cattle/2010/A/ASIA/Sea-97,2010,KOR,cattle,A,ASIA,Sea-97,Pool1
KF694746/KOR/pig/2002/O/ME-SA/PanAsia,2002,KOR,pig,O,MIDDLE-EAST-SOUTH-ASIA-ME-SA,PanAsia,Pool1
KF694744/KOR/cow/2002/O/ME-SA/PanAsia,2002,KOR,cow,O,MIDDLE-EAST-SOUTH-ASIA-ME-SA,PanAsia,Pool1
KF694743/KOR/pig/2002/O/ME-SA/PanAsia,2002,KOR,pig,O,MIDDLE-EAST-SOUTH-ASIA-ME-SA,PanAsia,Pool1
KF694742/KOR/pig/2002/O/ME-SA/PanAsia,2002,KOR,pig,O,MIDDLE-EAST-SOUTH-ASIA-ME-SA,PanAsia,Pool1
KF694738/KOR/pig/2002/O/ME-SA/PanAsia,2002,KOR,pig,O,MIDDLE-EAST-SOUTH-ASIA-ME-SA,PanAsia,Pool1
KF694737/KOR/pig/2002/O/ME-SA/PanAsia,2002,KOR,pig,O,MIDDLE-EAST-SOUTH-ASIA-ME-SA,PanAsia,Pool1
KF694735/KOR/pig/2002/O/ME-SA/PanAsia,2002,KOR,pig,O,MIDDLE-EAST-SOUTH-ASIA-ME-SA,PanAsia,Pool1
KF112889/HKG/pig/2010/O/SEA/Unknown,2010,HKG,pig,O,SOUTHEAST-ASIA-SEA,,Pool1
KF112888/KOR/cattle/2011/O/SEA/Unknown,2011,KOR,cattle,O,SOUTHEAST-ASIA-SEA,,Pool1
KF112887/KOR/pig/2010/O/SEA/Unknown,2010,KOR,pig,O,SOUTHEAST-ASIA-SEA,,Pool1
KF112886/KOR/cattle/2010/O/SEA/Unknown,2010,KOR,cattle,O,SOUTHEAST-ASIA-SEA,,Pool1
KF112885/JPN/cattle/2010/O/SEA/Unknown,2010,JPN,cattle,O,SOUTHEAST-ASIA-SEA,,
KF112884/RUS/cattle/2010/O/SEA/Mya-98,2010,RUS,cattle,O,SOUTHEAST-ASIA-SEA,Mya-98,Pool1/Pool3
KF112883/RUS/pig/2010/O/SEA/Unknown,2010,RUS,pig,O,SOUTHEAST-ASIA-SEA,,Pool1/Pool3
KF112882/MNG/cattle/2010/O/SEA/Mya-98,2010,MNG,cattle,O,SOUTHEAST-ASIA-SEA,Mya-98,Pool1
KF112881/MNG/cattle/2010/O/SEA/Mya-98,2010,MNG,cattle,O,SOUTHEAST-ASIA-SEA,Mya-98,Pool1
KF112880/MMR/cattle/2009/O/SEA/Unknown,2009,MMR,cattle,O,SOUTHEAST-ASIA-SEA,,Pool1
KF112879/THA/pig/2009/O/SEA/Unknown,2009,THA,pig,O,SOUTHEAST-ASIA-SEA,,Pool1
JX040501/ISR/cattle/2011/O/ME-SA/PanAsia-2,2011,ISR,cattle,O,MIDDLE-EAST-SOUTH-ASIA-ME-SA,PanAsia-2,Pool3
JX040500/TUR/cattle/2011/O/ME-SA/PanAsia-2,2011,TUR,cattle,O,MIDDLE-EAST-SOUTH-ASIA-ME-SA,PanAsia-2,Pool3
JX040499/TUR/cattle/2011/O/ME-SA/PanAsia-2,2011,TUR,cattle,O,MIDDLE-EAST-SOUTH-ASIA-ME-SA,PanAsia-2,Pool3
JX040498/TUR/cattle/2010/O/ME-SA/PanAsia-2,2010,TUR,cattle,O,MIDDLE-EAST-SOUTH-ASIA-ME-SA,PanAsia-2,Pool3
JX040497/TUR/cattle/2010/O/ME-SA/PanAsia-2,2010,TUR,cattle,O,MIDDLE-EAST-SOUTH-ASIA-ME-SA,PanAsia-2,Pool3
JX040496/TUR/cattle/2010/O/ME-SA/PanAsia-2,2010,TUR,cattle,O,MIDDLE-EAST-SOUTH-ASIA-ME-SA,PanAsia-2,Pool3
JX040495/TUR/cattle/2010/O/ME-SA/PanAsia-2,2010,TUR,cattle,O,MIDDLE-EAST-SOUTH-ASIA-ME-SA,PanAsia-2,Pool3
JX040494/TUR/cattle/2010/O/ME-SA/PanAsia-2,2010,TUR,cattle,O,MIDDLE-EAST-SOUTH-ASIA-ME-SA,PanAsia-2,Pool3
JX040493/TUR/cattle/2010/O/ME-SA/PanAsia-2,2010,TUR,cattle,O,MIDDLE-EAST-SOUTH-ASIA-ME-SA,PanAsia-2,Pool3
JX040492/TUR/cattle/2010/O/ME-SA/PanAsia-2,2010,TUR,cattle,O,MIDDLE-EAST-SOUTH-ASIA-ME-SA,PanAsia-2,Pool3
JX040491/TUR/cattle/2010/O/ME-SA/PanAsia-2,2010,TUR,cattle,O,MIDDLE-EAST-SOUTH-ASIA-ME-SA,PanAsia-2,Pool3
JX040490/BGR/cattle/2011/O/ME-SA/PanAsia-2,2011,BGR,cattle,O,MIDDLE-EAST-SOUTH-ASIA-ME-SA,PanAsia-2,
JX040489/BGR/cattle/2011/O/ME-SA/PanAsia-2,2011,BGR,cattle,O,MIDDLE-EAST-SOUTH-ASIA-ME-SA,PanAsia-2,
JX040487/BGR/cattle/2011/O/ME-SA/PanAsia-2,2011,BGR,cattle,O,MIDDLE-EAST-SOUTH-ASIA-ME-SA,PanAsia-2,
JX040486/BGR/cattle/2011/O/ME-SA/PanAsia-2,2011,BGR,cattle,O,MIDDLE-EAST-SOUTH-ASIA-ME-SA,PanAsia-2,
JX040485/BGR/pig/2010/O/ME-SA/PanAsia-2,2010,BGR,pig,O,MIDDLE-EAST-SOUTH-ASIA-ME-SA,PanAsia-2,
JX066665/BGR/cattle/2011/O/ME-SA/PanAsia-2,2011,BGR,cattle,O,MIDDLE-EAST-SOUTH-ASIA-ME-SA,PanAsia-2,
JX066664/BGR/cattle/2011/O/ME-SA/PanAsia-2,2011,BGR,cattle,O,MIDDLE-EAST-SOUTH-ASIA-ME-SA,PanAsia-2,
JX014256/PSE/cattle/2012/SAT2/VII/Unknown,2012,PSE,cattle,SAT2,VII,,Pool3
JX014255/EGY/Unknown/2012/SAT2/VII/Unknown,2012,EGY,,SAT2,VII,,Pool3/Pool4
JN998086/CHN/cattle/2010/O/SEA/Unknown,2010,CHN,cattle,O,SOUTHEAST-ASIA-SEA,,Pool1
JN998085/CHN/pig/2010/O/SEA/Unknown,2010,CHN,pig,O,SOUTHEAST-ASIA-SEA,,Pool1
JN006722/PAK/Unknown/2008/A/ASIA/Iran-05,2008,PAK,,A,ASIA,Iran-05,Pool3
JN006720/PAK/Unknown/2009/Asia1/ASIA/Unknown,2009,PAK,,Asia1,ASIA,,Pool3
JN006719/PAK/Unknown/2008/Asia1/ASIA/Unknown,2008,PAK,,Asia1,ASIA,,Pool3
HQ631363/CHN/pig/2006/Asia1/ASIA/Unknown,2006,CHN,pig,Asia1,ASIA,,Pool1
HQ632774/MYS/cattle/1999/Asia1/ASIA/Unknown,1999,MYS,cattle,Asia1,ASIA,,Pool1
HQ632773/MYS/cattle/2007/A/ASIA/Sea-97,2007,MYS,cattle,A,ASIA,Sea-97,Pool1
HQ632772/MYS/cattle/2007/O/SEA/Mya-98,2007,MYS,cattle,O,SOUTHEAST-ASIA-SEA,Mya-98,Pool1
HQ632771/MYS/pig/2005/O/CATHAY/Unknown,2005,MYS,pig,O,CATHAY,,Pool1
HQ632770/MYS/cattle/2004/O/ME-SA/PanAsia-2,2004,MYS,cattle,O,MIDDLE-EAST-SOUTH-ASIA-ME-SA,PanAsia-2,Pool1
HQ632769/MYS/cattle/2001/O/SEA/Cam-94,2001,MYS,cattle,O,SOUTHEAST-ASIA-SEA,Cam-94,Pool1
HQ632768/MYS/pig/2000/O/ME-SA/PanAsia,2000,MYS,pig,O,MIDDLE-EAST-SOUTH-ASIA-ME-SA,PanAsia,Pool1
GU582116/VNM/Unknown/2009/O/SEA/Mya-98,2009,VNM,,O,SOUTHEAST-ASIA-SEA,Mya-98,Pool1
GU582115/VNM/Unknown/2009/O/SEA/Mya-98,2009,VNM,,O,SOUTHEAST-ASIA-SEA,Mya-98,Pool1
FJ906802/CHN/pig/2006/Asia1/ASIA/Unknown,2006,CHN,pig,Asia1,ASIA,,Pool1
GQ406252/VNM/buffalo/2009/A/ASIA/Sea-97,2009,VNM,buffalo,A,ASIA,Sea-97,Pool1
GQ406251/VNM/pig/2009/A/ASIA/Sea-97,2009,VNM,pig,A,ASIA,Sea-97,Pool1
GQ406250/VNM/cattle/2009/A/ASIA/Sea-97,2009,VNM,cattle,A,ASIA,Sea-97,Pool1
GQ406249/VNM/cattle/2009/A/ASIA/Sea-97,2009,VNM,cattle,A,ASIA,Sea-97,Pool1
GQ406248/VNM/cattle/2009/A/ASIA/Sea-97,2009,VNM,cattle,A,ASIA,Sea-97,Pool1
GQ406247/VNM/cattle/2009/A/ASIA/Sea-97,2009,VNM,cattle,A,ASIA,Sea-97,Pool1
HQ113233/AFG/cow/2009/Asia1/ASIA/Unknown,2009,AFG,cow,Asia1,ASIA,,Pool3
HQ113232/PAK/cow/2009/O/ME-SA/PanAsia-2,2009,PAK,cow,O,MIDDLE-EAST-SOUTH-ASIA-ME-SA,PanAsia-2,Pool3
HM067706/UGA/african-buffalo/2007/SAT1/IV-EA-1/Unknown,2007,UGA,african-buffalo,SAT1,IV-EAST-AFRICA1-EA-1,,Pool4
HM067705/UGA/african-buffalo/2007/SAT2/X/Unknown,2007,UGA,african-buffalo,SAT2,X,,Pool4
HM067704/UGA/african-buffalo/2007/SAT2/X/Unknown,2007,UGA,african-buffalo,SAT2,X,,Pool4
GQ452295/VNM/cattle/2007/Asia1/ASIA/Unknown,2007,VNM,cattle,Asia1,ASIA,,Pool1
HM191257/UGA/cow/2006/O/EA-2/Unknown,2006,UGA,cow,O,EAST-AFRICA-2-EA-2,,Pool4
GU125650/VNM/cattle/2006/O/SEA/Mya-98,2006,VNM,cattle,O,SOUTHEAST-ASIA-SEA,Mya-98,Pool1
GU125649/VNM/cattle/2006/O/SEA/Mya-98,2006,VNM,cattle,O,SOUTHEAST-ASIA-SEA,Mya-98,Pool1
GU125648/VNM/buffalo/2006/O/SEA/Mya-98,2006,VNM,buffalo,O,SOUTHEAST-ASIA-SEA,Mya-98,Pool1
GU125647/VNM/cattle/2006/O/SEA/Mya-98,2006,VNM,cattle,O,SOUTHEAST-ASIA-SEA,Mya-98,Pool1
GU125646/VNM/buffalo/2005/Asia1/ASIA/Unknown,2005,VNM,buffalo,Asia1,ASIA,,Pool1
GU125645/VNM/cattle/2007/Asia1/ASIA/Unknown,2007,VNM,cattle,Asia1,ASIA,,Pool1
HM055510/VNM/Unknown/2009/O/SEA/Unknown,2009,VNM,,O,SOUTHEAST-ASIA-SEA,,Pool1
FJ542372/GBR/cattle/2001/O/ME-SA/PanAsia,2001,GBR,cattle,O,MIDDLE-EAST-SOUTH-ASIA-ME-SA,PanAsia,
FJ542371/GBR/cattle/2001/O/ME-SA/PanAsia,2001,GBR,cattle,O,MIDDLE-EAST-SOUTH-ASIA-ME-SA,PanAsia,
FJ542370/GBR/cattle/2001/O/ME-SA/PanAsia,2001,GBR,cattle,O,MIDDLE-EAST-SOUTH-ASIA-ME-SA,PanAsia,
EU214601/GBR/sheep/2001/O/ME-SA/PanAsia,2001,GBR,sheep,O,MIDDLE-EAST-SOUTH-ASIA-ME-SA,PanAsia,
EF614457/KOR/cattle/2002/O/ME-SA/PanAsia,2002,KOR,cattle,O,MIDDLE-EAST-SOUTH-ASIA-ME-SA,PanAsia,Pool1
EF494488/PAK/cattle/2006/A/ASIA/Iran-05,2006,PAK,cattle,A,ASIA,Iran-05,Pool3
EF494487/PAK/cattle/2006/A/ASIA/Iran-05,2006,PAK,cattle,A,ASIA,Iran-05,Pool3
DQ989323/IND/cattle/2002/Asia1/ASIA/Unknown,2002,IND,cattle,Asia1,ASIA,,Pool2
DQ989322/IND/cattle/2002/Asia1/ASIA/Unknown,2002,IND,cattle,Asia1,ASIA,,Pool2
DQ989321/IND/cattle/2001/Asia1/ASIA/Unknown,2001,IND,cattle,Asia1,ASIA,,Pool2
DQ989320/IND/cattle/2002/Asia1/ASIA/Unknown,2002,IND,cattle,Asia1,ASIA,,Pool2
DQ989319/IND/cattle/2001/Asia1/ASIA/Unknown,2001,IND,cattle,Asia1,ASIA,,Pool2
DQ989318/IND/cattle/2002/Asia1/ASIA/Unknown,2002,IND,cattle,Asia1,ASIA,,Pool2
DQ989317/IND/buffalo/2000/Asia1/ASIA/Unknown,2000,IND,buffalo,Asia1,ASIA,,Pool2
DQ989315/IND/cattle/1993/Asia1/ASIA/Unknown,1993,IND,cattle,Asia1,ASIA,,Pool2
DQ989314/IND/cattle/2001/Asia1/ASIA/Unknown,2001,IND,cattle,Asia1,ASIA,,Pool2
DQ989313/IND/buffalo/1986/Asia1/ASIA/Unknown,1986,IND,buffalo,Asia1,ASIA,,Pool2
DQ989312/IND/sheep/1990/Asia1/ASIA/Unknown,1990,IND,sheep,Asia1,ASIA,,Pool2
DQ989311/IND/buffalo/2002/Asia1/ASIA/Unknown,2002,IND,buffalo,Asia1,ASIA,,Pool2
DQ989310/IND/cattle/1999/Asia1/ASIA/Unknown,1999,IND,cattle,Asia1,ASIA,,Pool2
DQ989309/IND/cattle/1996/Asia1/ASIA/Unknown,1996,IND,cattle,Asia1,ASIA,,Pool2
DQ989308/IND/cattle/1994/Asia1/ASIA/Unknown,1994,IND,cattle,Asia1,ASIA,,Pool2
DQ989307/IND/cattle/1992/Asia1/ASIA/Unknown,1992,IND,cattle,Asia1,ASIA,,Pool2
DQ989306/IND/cattle/1986/Asia1/ASIA/Unknown,1986,IND,cattle,Asia1,ASIA,,Pool2
DQ989305/IND/cattle/1990/Asia1/ASIA/Unknown,1990,IND,cattle,Asia1,ASIA,,Pool2
DQ989304/IND/cattle/2000/Asia1/ASIA/Unknown,2000,IND,cattle,Asia1,ASIA,,Pool2
DQ989303/IND/cattle/1993/Asia1/ASIA/Unknown,1993,IND,cattle,Asia1,ASIA,,Pool2
AY593853/BWA/Unknown/1965/SAT3/II-WZ/Unknown,1965,BWA,,SAT3,II-WESTERN-ZIMBABWE-WZ,,Pool6
AY593852/KEN/Unknown/1960/SAT3/II-WZ/Unknown,1960,KEN,,SAT3,II-WESTERN-ZIMBABWE-WZ,,Pool4
AY593851/BWA/Unknown/1961/SAT3/II-WZ/Unknown,1961,BWA,,SAT3,II-WESTERN-ZIMBABWE-WZ,,Pool6
AY593850/ZAF/Unknown/1959/SAT3/I-SEZ/Unknown,1959,ZAF,,SAT3,I-SOUTHEAST-ZIMBABWE-SEZ,,Pool6
AY593849/KEN/Unknown/1960/SAT2/IX/Unknown,1960,KEN,,SAT2,IX,,Pool4
AY593848/Unknown/Unknown/1967/SAT2/I/Unknown,1967,,,SAT2,I,,
AY593847/ZWE/Unknown/1948/SAT2/III/Unknown,1948,ZWE,,SAT2,III,,Pool6
AY593846/ZWE/Unknown/1966/SAT1/ASIA/Unknown,1966,ZWE,,SAT1,ASIA,,Pool6
AY593845/BWA/Unknown/1968/SAT1/III-WZ/Unknown,1968,BWA,,SAT1,III-WESTERN-ZIMBABWE-WZ,,Pool6
AY593844/ISR/Unknown/1962/SAT1/VI/Unknown,1962,ISR,,SAT1,VI,,Pool3
AY593843/NAM/Unknown/1940/SAT1/III-WZ/Unknown,1940,NAM,,SAT1,III-WESTERN-ZIMBABWE-WZ,,Pool6
AY593842/ZAF/Unknown/1961/SAT1/III-WZ/Unknown,1961,ZAF,,SAT1,III-WESTERN-ZIMBABWE-WZ,,Pool6
AY593841/ZWE/Unknown/1958/SAT1/III-WZ/Unknown,1958,ZWE,,SAT1,III-WESTERN-ZIMBABWE-WZ,,Pool6
AY593840/NAM/Unknown/1949/SAT1/III-WZ/Unknown,1949,NAM,,SAT1,III-WESTERN-ZIMBABWE-WZ,,Pool6
AY593838/BWA/Unknown/1970/SAT1/III-WZ/Unknown,1970,BWA,,SAT1,III-WESTERN-ZIMBABWE-WZ,,Pool6
AY593837/URY/Unknown/1963/O/EURO-SA/Unknown,1963,URY,,O,EUROPE-SOUTH-AMERICA-EURO-SA,,Pool7
AY593836/GBR/Unknown/2001/O/ME-SA/PanAsia,2001,GBR,,O,MIDDLE-EAST-SOUTH-ASIA-ME-SA,PanAsia,
AY593835/TWN/Unknown/1997/O/CATHAY/Unknown,1997,TWN,,O,CATHAY,,Pool1
AY593834/IRN/Unknown/1966/O/SEA/Unknown,1966,IRN,,O,SOUTHEAST-ASIA-SEA,,Pool3
AY593833/TWN/Unknown/1999/O/CATHAY/Unknown,1999,TWN,,O,CATHAY,,Pool1
AY593830/POL/Unknown/1959/O/EURO-SA/Unknown,1959,POL,,O,EUROPE-SOUTH-AMERICA-EURO-SA,,
AY593828/IND/Unknown/1962/O/SEA/Unknown,1962,IND,,O,SOUTHEAST-ASIA-SEA,,Pool2
AY593827/VEN/Unknown/1971/O/EURO-SA/Unknown,1971,VEN,,O,EUROPE-SOUTH-AMERICA-EURO-SA,,Pool7
AY593826/ITA/Unknown/1947/O/EURO-SA/Unknown,1947,ITA,,O,EUROPE-SOUTH-AMERICA-EURO-SA,,
AY593825/ARG/Unknown/1939/O/EURO-SA/Unknown,1939,ARG,,O,EUROPE-SOUTH-AMERICA-EURO-SA,,Pool7
AY593824/KOR/Unknown/2000/O/ME-SA/PanAsia,2000,KOR,,O,MIDDLE-EAST-SOUTH-ASIA-ME-SA,PanAsia,Pool1
AY593823/TUR/Unknown/1969/O/ME-SA/Unknown,1969,TUR,,O,MIDDLE-EAST-SOUTH-ASIA-ME-SA,,Pool3
AY593821/ARG/Unknown/1967/O/EURO-SA/Unknown,1967,ARG,,O,EUROPE-SOUTH-AMERICA-EURO-SA,,Pool7
AY593820/ARG/Unknown/1964/O/EURO-SA/Unknown,1964,ARG,,O,EUROPE-SOUTH-AMERICA-EURO-SA,,Pool7
AY593818/ARG/Unknown/1958/O/EURO-SA/Unknown,1958,ARG,,O,EUROPE-SOUTH-AMERICA-EURO-SA,,Pool7
AY593817/BEL/Unknown/1973/O/EURO-SA/Unknown,1973,BEL,,O,EUROPE-SOUTH-AMERICA-EURO-SA,,
AY593814/ARG/Unknown/1965/O/EURO-SA/Unknown,1965,ARG,,O,EUROPE-SOUTH-AMERICA-EURO-SA,,Pool7
AY593813/IDN/Unknown/1962/O/ISA-1/Unknown,1962,IDN,,O,INDONESIA-1-ISA-1-1,,
AY593812/PHL/Unknown/1958/O/SEA/Unknown,1958,PHL,,O,SOUTHEAST-ASIA-SEA,,
AY593810/GBR/Unknown/1970/C/V-EA/Unknown,1970,GBR,,C,V-East-Africa-EA,,
AY593803/BRA/Unknown/1979/A/EURO-SA/Unknown,1979,BRA,,A,EUROPE-SOUTH-AMERICA-EURO-SA,,Pool7
AY593802/URY/Unknown/2001/A/EURO-SA/Unknown,2001,URY,,A,EUROPE-SOUTH-AMERICA-EURO-SA,,Pool7
AY593800/LBN/Unknown/1983/Asia1/ASIA/Unknown,1983,LBN,,Asia1,ASIA,,Pool3
AY593796/ISR/Unknown/1963/Asia1/ASIA/Unknown,1963,ISR,,Asia1,ASIA,,Pool3
AY593795/PAK/Unknown/1954/Asia1/ASIA/Unknown,1954,PAK,,Asia1,ASIA,,Pool3
AY593794/COL/Unknown/1985/A/EURO-SA/Unknown,1985,COL,,A,EUROPE-SOUTH-AMERICA-EURO-SA,,Pool7
AY593793/PHL/Unknown/1975/A/EURO-SA/Unknown,1975,PHL,,A,EUROPE-SOUTH-AMERICA-EURO-SA,,
AY593792/ITA/Unknown/1962/A/EURO-SA/Unknown,1962,ITA,,A,EUROPE-SOUTH-AMERICA-EURO-SA,,
AY593791/IRN/Unknown/1998/A/ASIA/Iran-96,1998,IRN,,A,ASIA,Iran-96,Pool3
AY593789/ARG/Unknown/1961/A/EURO-SA/Unknown,1961,ARG,,A,EUROPE-SOUTH-AMERICA-EURO-SA,,Pool7
AY593788/BRA/Unknown/1958/A/EURO-SA/Unknown,1958,BRA,,A,EUROPE-SOUTH-AMERICA-EURO-SA,,Pool7
AY593782/ARG/Unknown/2000/A/EURO-SA/Unknown,2000,ARG,,A,EUROPE-SOUTH-AMERICA-EURO-SA,,Pool7
AY593781/DEU/Unknown/1951/A/EURO-SA/Unknown,1951,DEU,,A,EUROPE-SOUTH-AMERICA-EURO-SA,,
AY593780/FRA/Unknown/1960/A/EURO-SA/Unknown,1960,FRA,,A,EUROPE-SOUTH-AMERICA-EURO-SA,,
AY593779/DEU/Unknown/1972/A/EURO-SA/Unknown,1972,DEU,,A,EUROPE-SOUTH-AMERICA-EURO-SA,,
AY593776/DEU/Unknown/1968/A/EURO-SA/Unknown,1968,DEU,,A,EUROPE-SOUTH-AMERICA-EURO-SA,,
AY593775/VEN/Unknown/1970/A/EURO-SA/Unknown,1970,VEN,,A,EUROPE-SOUTH-AMERICA-EURO-SA,,Pool7
AY593774/ESP/Unknown/1969/A/EURO-SA/Unknown,1969,ESP,,A,EUROPE-SOUTH-AMERICA-EURO-SA,,
AY593773/PER/Unknown/1969/A/EURO-SA/Unknown,1969,PER,,A,EUROPE-SOUTH-AMERICA-EURO-SA,,Pool7
AY593772/TUR/Unknown/1972/A/ASIA/A22,1972,TUR,,A,ASIA,A22,Pool3
AY593771/COL/Unknown/1967/A/EURO-SA/Unknown,1967,COL,,A,EUROPE-SOUTH-AMERICA-EURO-SA,,Pool7
AY593770/ARG/Unknown/1966/A/EURO-SA/Unknown,1966,ARG,,A,EUROPE-SOUTH-AMERICA-EURO-SA,,Pool7
AY593769/ARG/Unknown/1959/A/EURO-SA/Unknown,1959,ARG,,A,EUROPE-SOUTH-AMERICA-EURO-SA,,Pool7
AY593768/BRA/Unknown/1955/A/EURO-SA/Unknown,1955,BRA,,A,EUROPE-SOUTH-AMERICA-EURO-SA,,Pool7
AY593767/ARG/Unknown/1965/A/EURO-SA/Unknown,1965,ARG,,A,EUROPE-SOUTH-AMERICA-EURO-SA,,Pool7
AY593766/KEN/Unknown/1965/A/?'/Unknown,1965,KEN,,A,?',,Pool4
AY593765/TUR/Unknown/1965/A/ASIA/A22,1965,TUR,,A,ASIA,A22,Pool3
AY593764/IRQ/Unknown/1970/A/ASIA/A22,1970,IRQ,,A,ASIA,A22,Pool3
AY593761/KEN/Unknown/1964/A/AFRICA/Unknown,1964,KEN,,A,AFRICA,,Pool4
AY593760/RUS/Unknown/1964/A/EURO-SA/Unknown,1964,RUS,,A,EUROPE-SOUTH-AMERICA-EURO-SA,,Pool1/Pool3
AY593759/DEU/Unknown/1971/A/EURO-SA/Unknown,1971,DEU,,A,EUROPE-SOUTH-AMERICA-EURO-SA,,
AY593758/VEN/Unknown/1967/A/EURO-SA/Unknown,1967,VEN,,A,EUROPE-SOUTH-AMERICA-EURO-SA,,Pool7
AY593757/BRA/Unknown/1967/A/EURO-SA/Unknown,1967,BRA,,A,EUROPE-SOUTH-AMERICA-EURO-SA,,Pool7
AY593756/BRA/Unknown/1959/A/EURO-SA/Unknown,1959,BRA,,A,EUROPE-SOUTH-AMERICA-EURO-SA,,Pool7
AY593755/THA/Unknown/1960/A/ASIA/Unknown,1960,THA,,A,ASIA,,Pool1
AY593754/ESP/Unknown/1959/A/EURO-SA/Unknown,1959,ESP,,A,EUROPE-SOUTH-AMERICA-EURO-SA,,
AY593751/NLD/Unknown/1942/A/EURO-SA/Unknown,1942,NLD,,A,EUROPE-SOUTH-AMERICA-EURO-SA,,
AF511039/CHN/Unknown/1958/O/CATHAY/Unknown,1958,CHN,,O,CATHAY,,Pool1
EF175732/CHN/Unknown/1999/O/CATHAY/Unknown,1999,CHN,,O,CATHAY,,Pool1
DQ404180/GBR/pig/2001/O/ME-SA/PanAsia,2001,GBR,pig,O,MIDDLE-EAST-SOUTH-ASIA-ME-SA,PanAsia,
DQ404178/GBR/pig/2001/O/ME-SA/PanAsia,2001,GBR,pig,O,MIDDLE-EAST-SOUTH-ASIA-ME-SA,PanAsia,
DQ404174/IRL/sheep/2001/O/ME-SA/PanAsia,2001,IRL,sheep,O,MIDDLE-EAST-SOUTH-ASIA-ME-SA,PanAsia,
DQ404173/GBR/cow/2001/O/ME-SA/PanAsia,2001,GBR,cow,O,MIDDLE-EAST-SOUTH-ASIA-ME-SA,PanAsia,
DQ404171/GBR/sheep/2001/O/ME-SA/PanAsia,2001,GBR,sheep,O,MIDDLE-EAST-SOUTH-ASIA-ME-SA,PanAsia,
DQ404169/GBR/sheep/2001/O/ME-SA/PanAsia,2001,GBR,sheep,O,MIDDLE-EAST-SOUTH-ASIA-ME-SA,PanAsia,
DQ404170/GBR/sheep/2001/O/ME-SA/PanAsia,2001,GBR,sheep,O,MIDDLE-EAST-SOUTH-ASIA-ME-SA,PanAsia,
DQ404168/GBR/cow/2001/O/ME-SA/PanAsia,2001,GBR,cow,O,MIDDLE-EAST-SOUTH-ASIA-ME-SA,PanAsia,
DQ404167/GBR/sheep/2001/O/ME-SA/PanAsia,2001,GBR,sheep,O,MIDDLE-EAST-SOUTH-ASIA-ME-SA,PanAsia,
DQ404165/GBR/cow/2001/O/ME-SA/PanAsia,2001,GBR,cow,O,MIDDLE-EAST-SOUTH-ASIA-ME-SA,PanAsia,
DQ404164/GBR/cow/2001/O/ME-SA/PanAsia,2001,GBR,cow,O,MIDDLE-EAST-SOUTH-ASIA-ME-SA,PanAsia,
DQ404163/GBR/cow/2001/O/ME-SA/PanAsia,2001,GBR,cow,O,MIDDLE-EAST-SOUTH-ASIA-ME-SA,PanAsia,
DQ404162/GBR/sheep/2001/O/ME-SA/PanAsia,2001,GBR,sheep,O,MIDDLE-EAST-SOUTH-ASIA-ME-SA,PanAsia,
DQ404161/GBR/cow/2001/O/ME-SA/PanAsia,2001,GBR,cow,O,MIDDLE-EAST-SOUTH-ASIA-ME-SA,PanAsia,
DQ404160/GBR/cow/2001/O/ME-SA/PanAsia,2001,GBR,cow,O,MIDDLE-EAST-SOUTH-ASIA-ME-SA,PanAsia,
DQ404158/GBR/sheep/2001/O/ME-SA/PanAsia,2001,GBR,sheep,O,MIDDLE-EAST-SOUTH-ASIA-ME-SA,PanAsia,
AY390432/Unknown/Unknown/2005/Asia1/ASIA/Unknown,2005,,,Asia1,ASIA,,
AF026168/TWN/Unknown/1997/O/CATHAY/Unknown,1997,TWN,,O,CATHAY,,Pool1
FJ623456/KAZ/Unknown/1999/A/ASIA/A22,1999,KAZ,,A,ASIA,A22,Pool3
AB079061/JPN/Unknown/2000/O/ME-SA/PanAsia,2000,JPN,,O,MIDDLE-EAST-SOUTH-ASIA-ME-SA,PanAsia,
EF614458/MNG/cattle/2005/Asia1/ASIA/Unknown,2005,MNG,cattle,Asia1,ASIA,,Pool1
EU448370/GBR/cow/1967/O/EURO-SA/Unknown,1967,GBR,cow,O,EUROPE-SOUTH-AMERICA-EURO-SA,,
EU448368/GBR/cow/1967/O/EURO-SA/Unknown,1967,GBR,cow,O,EUROPE-SOUTH-AMERICA-EURO-SA,,
EF494486/TUR/cattle/2005/A/ASIA/Iran-05,2005,TUR,cattle,A,ASIA,Iran-05,Pool3
EF149010/CHN/Unknown/2005/Asia1/ASIA/Unknown,2005,CHN,,Asia1,ASIA,,Pool1
EF149009/CHN/Unknown/2005/Asia1/ASIA/Unknown,2005,CHN,,Asia1,ASIA,,Pool1
X74812/AZE/Unknown/1965/C/EURO-SA/Unknown,1965,AZE,,C,EUROPE-SOUTH-AMERICA-EURO-SA,,Pool3
AJ539137/TWN/Unknown/1999/O/ME-SA/PanAsia,1999,TWN,,O,MIDDLE-EAST-SOUTH-ASIA-ME-SA,PanAsia,Pool1
AJ539136/TWN/Unknown/1999/O/ME-SA/PanAsia,1999,TWN,,O,MIDDLE-EAST-SOUTH-ASIA-ME-SA,PanAsia,Pool1
AJ251473/KEN/Unknown/1957/SAT2/IX/Unknown,1957,KEN,,SAT2,IX,,Pool4
AY317098/HKG/Unknown/2002/O/CATHAY/Unknown,2002,HKG,,O,CATHAY,,Pool1
OQ383267/BRA/cow/1963/C/EURO-SA/Unknown,1963,BRA,cow,C,EUROPE-SOUTH-AMERICA-EURO-SA,,Pool7
OQ383265/NLD/cow/2000/C/EURO-SA/Unknown,2000,NLD,cow,C,EUROPE-SOUTH-AMERICA-EURO-SA,,
OM562600/KEN/cow/2016/SAT2/IV/Unknown,2016,KEN,cow,SAT2,IV,,Pool4
OM562599/KEN/cow/2016/SAT2/IV/Unknown,2016,KEN,cow,SAT2,IV,,Pool4
OM562598/KEN/cow/2016/SAT2/IV/Unknown,2016,KEN,cow,SAT2,IV,,Pool4
OM562597/KEN/cow/2016/SAT2/IV/Unknown,2016,KEN,cow,SAT2,IV,,Pool4
OM562596/KEN/cow/2016/SAT2/IV/Unknown,2016,KEN,cow,SAT2,IV,,Pool4
OM562595/KEN/cow/2016/SAT2/IV/Unknown,2016,KEN,cow,SAT2,IV,,Pool4
OM562593/KEN/cow/2016/SAT2/IV/Unknown,2016,KEN,cow,SAT2,IV,,Pool4
OM562592/KEN/cow/2016/SAT2/IV/Unknown,2016,KEN,cow,SAT2,IV,,Pool4
OM562591/KEN/cow/2016/SAT1/I-NWZ/Unknown,2016,KEN,cow,SAT1,I-NORTHWEST-ZIMBABWE-NWZ,,Pool4
OM562590/KEN/cow/2016/SAT1/I-NWZ/Unknown,2016,KEN,cow,SAT1,I-NORTHWEST-ZIMBABWE-NWZ,,Pool4
OM562589/KEN/cow/2016/SAT2/IV/Unknown,2016,KEN,cow,SAT2,IV,,Pool4
OM562588/KEN/cow/2016/SAT2/IV/Unknown,2016,KEN,cow,SAT2,IV,,Pool4
OM562587/KEN/cow/2016/SAT2/IV/Unknown,2016,KEN,cow,SAT2,IV,,Pool4
OM562586/KEN/cow/2016/SAT2/IV/Unknown,2016,KEN,cow,SAT2,IV,,Pool4
OM562585/KEN/cow/2016/SAT2/IV/Unknown,2016,KEN,cow,SAT2,IV,,Pool4
OM562584/KEN/cow/2016/SAT2/IV/Unknown,2016,KEN,cow,SAT2,IV,,Pool4
OM562583/KEN/cow/2016/SAT2/IV/Unknown,2016,KEN,cow,SAT2,IV,,Pool4
OM562582/KEN/cow/2016/SAT1/I-NWZ/Unknown,2016,KEN,cow,SAT1,I-NORTHWEST-ZIMBABWE-NWZ,,Pool4
OM562581/KEN/cow/2016/SAT2/IV/Unknown,2016,KEN,cow,SAT2,IV,,Pool4
OM562580/KEN/cow/2016/SAT2/IV/Unknown,2016,KEN,cow,SAT2,IV,,Pool4
OM562578/KEN/cow/2016/SAT2/IV/Unknown,2016,KEN,cow,SAT2,IV,,Pool4
OM562577/KEN/cow/2016/SAT2/IV/Unknown,2016,KEN,cow,SAT2,IV,,Pool4
OM562576/KEN/cow/2016/SAT1/I-NWZ/Unknown,2016,KEN,cow,SAT1,I-NORTHWEST-ZIMBABWE-NWZ,,Pool4
OM562575/KEN/cow/2016/SAT2/IV/Unknown,2016,KEN,cow,SAT2,IV,,Pool4
OM562572/KEN/cow/2016/SAT2/IV/Unknown,2016,KEN,cow,SAT2,IV,,Pool4
OM562571/KEN/cow/2016/SAT1/I-NWZ/Unknown,2016,KEN,cow,SAT1,I-NORTHWEST-ZIMBABWE-NWZ,,Pool4
OM562570/KEN/cow/2016/SAT2/IV/Unknown,2016,KEN,cow,SAT2,IV,,Pool4
OM562569/KEN/cow/2016/SAT2/IV/Unknown,2016,KEN,cow,SAT2,IV,,Pool4
OM562568/KEN/cow/2016/SAT2/IV/Unknown,2016,KEN,cow,SAT2,IV,,Pool4
OM562567/KEN/cow/2016/SAT2/IV/Unknown,2016,KEN,cow,SAT2,IV,,Pool4
OM562566/KEN/cow/2016/SAT1/I-NWZ/Unknown,2016,KEN,cow,SAT1,I-NORTHWEST-ZIMBABWE-NWZ,,Pool4
OM562565/KEN/cow/2016/SAT1/I-NWZ/Unknown,2016,KEN,cow,SAT1,I-NORTHWEST-ZIMBABWE-NWZ,,Pool4
OM562564/KEN/cow/2016/SAT2/IV/Unknown,2016,KEN,cow,SAT2,IV,,Pool4
OM562563/KEN/cow/2016/SAT1/I-NWZ/Unknown,2016,KEN,cow,SAT1,I-NORTHWEST-ZIMBABWE-NWZ,,Pool4
OM562562/KEN/cow/2016/SAT2/IV/Unknown,2016,KEN,cow,SAT2,IV,,Pool4
OM562561/KEN/cow/2016/SAT2/IV/Unknown,2016,KEN,cow,SAT2,IV,,Pool4
OM562560/KEN/cow/2016/SAT1/I-NWZ/Unknown,2016,KEN,cow,SAT1,I-NORTHWEST-ZIMBABWE-NWZ,,Pool4
OM562559/KEN/cow/2016/SAT1/I-NWZ/Unknown,2016,KEN,cow,SAT1,I-NORTHWEST-ZIMBABWE-NWZ,,Pool4
OM562558/KEN/cow/2016/SAT1/I-NWZ/Unknown,2016,KEN,cow,SAT1,I-NORTHWEST-ZIMBABWE-NWZ,,Pool4
OM562557/KEN/cow/2016/SAT1/I-NWZ/Unknown,2016,KEN,cow,SAT1,I-NORTHWEST-ZIMBABWE-NWZ,,Pool4
OM562556/KEN/cow/2016/SAT1/I-NWZ/Unknown,2016,KEN,cow,SAT1,I-NORTHWEST-ZIMBABWE-NWZ,,Pool4
OM562555/KEN/cow/2016/SAT1/I-NWZ/Unknown,2016,KEN,cow,SAT1,I-NORTHWEST-ZIMBABWE-NWZ,,Pool4
OM562554/KEN/cow/2016/SAT2/IV/Unknown,2016,KEN,cow,SAT2,IV,,Pool4
OM562553/KEN/cow/2016/SAT2/IV/Unknown,2016,KEN,cow,SAT2,IV,,Pool4
OM562552/KEN/cow/2016/SAT2/IV/Unknown,2016,KEN,cow,SAT2,IV,,Pool4
OM562551/KEN/cow/2016/SAT2/IV/Unknown,2016,KEN,cow,SAT2,IV,,Pool4
OM562550/KEN/cow/2016/SAT2/IV/Unknown,2016,KEN,cow,SAT2,IV,,Pool4
OM562549/KEN/cow/2016/SAT2/IV/Unknown,2016,KEN,cow,SAT2,IV,,Pool4
OM562548/KEN/cow/2016/SAT2/IV/Unknown,2016,KEN,cow,SAT2,IV,,Pool4
OM562547/KEN/cow/2016/SAT1/I-NWZ/Unknown,2016,KEN,cow,SAT1,I-NORTHWEST-ZIMBABWE-NWZ,,Pool4
OM562546/KEN/cow/2016/SAT1/I-NWZ/Unknown,2016,KEN,cow,SAT1,I-NORTHWEST-ZIMBABWE-NWZ,,Pool4
OM562545/KEN/cow/2016/SAT1/I-NWZ/Unknown,2016,KEN,cow,SAT1,I-NORTHWEST-ZIMBABWE-NWZ,,Pool4
OM562544/KEN/cow/2016/SAT2/IV/Unknown,2016,KEN,cow,SAT2,IV,,Pool4
OM562543/KEN/cow/2016/SAT1/I-NWZ/Unknown,2016,KEN,cow,SAT1,I-NORTHWEST-ZIMBABWE-NWZ,,Pool4
OM562542/KEN/cow/2016/SAT1/I-NWZ/Unknown,2016,KEN,cow,SAT1,I-NORTHWEST-ZIMBABWE-NWZ,,Pool4
OM562541/KEN/cow/2016/SAT1/I-NWZ/Unknown,2016,KEN,cow,SAT1,I-NORTHWEST-ZIMBABWE-NWZ,,Pool4
OM562534/KEN/cow/2016/SAT1/I-NWZ/Unknown,2016,KEN,cow,SAT1,I-NORTHWEST-ZIMBABWE-NWZ,,Pool4
OM562533/KEN/cow/2016/SAT1/I-NWZ/Unknown,2016,KEN,cow,SAT1,I-NORTHWEST-ZIMBABWE-NWZ,,Pool4
OM562530/KEN/cow/2016/SAT1/I-NWZ/Unknown,2016,KEN,cow,SAT1,I-NORTHWEST-ZIMBABWE-NWZ,,Pool4
OM562525/KEN/cow/2016/SAT1/I-NWZ/Unknown,2016,KEN,cow,SAT1,I-NORTHWEST-ZIMBABWE-NWZ,,Pool4
OM562513/KEN/cow/2016/SAT2/IV/Unknown,2016,KEN,cow,SAT2,IV,,Pool4
OM562507/KEN/cow/2016/SAT2/IV/Unknown,2016,KEN,cow,SAT2,IV,,Pool4
OM562501/KEN/cow/2016/SAT2/IV/Unknown,2016,KEN,cow,SAT2,IV,,Pool4
OM562492/KEN/cow/2016/SAT2/IV/Unknown,2016,KEN,cow,SAT2,IV,,Pool4
OM562476/KEN/cow/2016/SAT2/IV/Unknown,2016,KEN,cow,SAT2,IV,,Pool4
OM562473/KEN/cow/2016/SAT2/IV/Unknown,2016,KEN,cow,SAT2,IV,,Pool4
OM562472/KEN/cow/2016/SAT2/IV/Unknown,2016,KEN,cow,SAT2,IV,,Pool4
OM562456/KEN/cow/2016/SAT2/IV/Unknown,2016,KEN,cow,SAT2,IV,,Pool4
MT340198/VNM/cattle/2017/A/ASIA/Sea-97,2017,VNM,cattle,A,ASIA,Sea-97,Pool1
MT340197/VNM/cattle/2017/A/ASIA/Sea-97,2017,VNM,cattle,A,ASIA,Sea-97,Pool1
EU400597/CHN/Unknown/2001/O/CATHAY/Unknown,2001,CHN,,O,CATHAY,,Pool1
AY686687/Unknown/Unknown/2001/O/CATHAY/Unknown,2001,,,O,CATHAY,,
AF377945/Unknown/Unknown/2000/O/ME-SA/PanAsia,2000,,,O,MIDDLE-EAST-SOUTH-ASIA-ME-SA,PanAsia,
EF552697/GBR/sheep/2001/O/ME-SA/PanAsia,2001,GBR,sheep,O,MIDDLE-EAST-SOUTH-ASIA-ME-SA,PanAsia,
EF552696/GBR/cattle/2001/O/ME-SA/PanAsia,2001,GBR,cattle,O,MIDDLE-EAST-SOUTH-ASIA-ME-SA,PanAsia,
EF552695/GBR/sheep/2001/O/ME-SA/PanAsia,2001,GBR,sheep,O,MIDDLE-EAST-SOUTH-ASIA-ME-SA,PanAsia,
EF552693/GBR/cattle/2001/O/ME-SA/PanAsia,2001,GBR,cattle,O,MIDDLE-EAST-SOUTH-ASIA-ME-SA,PanAsia,
EF552692/GBR/sheep/2001/O/ME-SA/PanAsia,2001,GBR,sheep,O,MIDDLE-EAST-SOUTH-ASIA-ME-SA,PanAsia,
EF552689/GBR/sheep/2001/O/ME-SA/PanAsia,2001,GBR,sheep,O,MIDDLE-EAST-SOUTH-ASIA-ME-SA,PanAsia,
EF552688/GBR/sheep/2001/O/ME-SA/PanAsia,2001,GBR,sheep,O,MIDDLE-EAST-SOUTH-ASIA-ME-SA,PanAsia,
AY593809/ARG/Unknown/1969/C/EURO-SA/Unknown,1969,ARG,,C,EUROPE-SOUTH-AMERICA-EURO-SA,,Pool7
AY593808/ARG/Unknown/1966/C/EURO-SA/Unknown,1966,ARG,,C,EUROPE-SOUTH-AMERICA-EURO-SA,,Pool7
AY593806/BRA/Unknown/1971/C/EURO-SA/Unknown,1971,BRA,,C,EUROPE-SOUTH-AMERICA-EURO-SA,,Pool7
AY593805/DEU/Unknown/1960/C/EURO-SA/Unknown,1960,DEU,,C,EUROPE-SOUTH-AMERICA-EURO-SA,,
AY593804/CHE/Unknown/1965/C/EURO-SA/Unknown,1965,CHE,,C,EUROPE-SOUTH-AMERICA-EURO-SA,,
