GBAC,country,host,collection_date,serotype,Topotype,lineage,color
AH012985/KOR/Unknown/2000/O,KOR,Unknown,2000,O,MIDDLE-EAST-SOUTH-ASIA-ME-SA,PanAsia,#F3F3AC
AY317098/Unknown/Unknown/2002/O,Unknown,Unknown,2002,O,CATHAY,,#B1B107
AY593755/THA/Unknown/1960/A,THA,Unknown,1960,A,ASIA,,#817BA6
AY593756/BRA/Unknown/1959/A,BRA,Unknown,1959,A,EUROPE-SOUTH-AMERICA-EURO-SA-SOUTH,,#A39EC4
AY593759/DEU/Unknown/1971/A,DEU,Unknown,1971,A,EUROPE-SOUTH-AMERICA-EURO-SA-SOUTH,,#948FB7
AY593760/RUS/Unknown/1964/A,RUS,Unknown,1964,A,EUROPE-SOUTH-AMERICA-EURO-SA-SOUTH,,#9691B9
AY593765/TUR/Unknown/1965/A,TUR,Unknown,1965,A,ASIA,A22,#A7A2C7
AY593767/ARG/Unknown/1965/A,ARG,Unknown,1965,A,EUROPE-SOUTH-AMERICA-EURO-SA-SOUTH,,#9792BA
AY593768/BRA/Unknown/1955/A,BRA,Unknown,1955,A,EUROPE-SOUTH-AMERICA-EURO-SA-SOUTH,,#A5A0C6
AY593770/ARG/Unknown/1966/A,ARG,Unknown,1966,A,EUROPE-SOUTH-AMERICA-EURO-SA-SOUTH,,#A29DC3
AY593771/COL/Unknown/1967/A,COL,Unknown,1967,A,EUROPE-SOUTH-AMERICA-EURO-SA-SOUTH,,#9590B8
AY593772/TUR/Unknown/1972/A,TUR,Unknown,1972,A,ASIA,A22,#A6A1C6
AY593775/VEN/Unknown/1970/A,VEN,Unknown,1970,A,EUROPE-SOUTH-AMERICA-EURO-SA-SOUTH,,#9E99C0
AY593776/DEU/Unknown/1968/A,DEU,Unknown,1968,A,EUROPE-SOUTH-AMERICA-EURO-SA-SOUTH,,#948EB6
AY593780/FRA/Unknown/1960/A,FRA,Unknown,1960,A,EUROPE-SOUTH-AMERICA-EURO-SA-SOUTH,,#9994BB
AY593782/ARG/Unknown/2000/A,ARG,Unknown,2000,A,EUROPE-SOUTH-AMERICA-EURO-SA-SOUTH,,#9C97BE
AY593788/BRA/Unknown/1958/A,BRA,Unknown,1958,A,EUROPE-SOUTH-AMERICA-EURO-SA-SOUTH,,#A19CC2
AY593791/IRN/Unknown/1998/A,IRN,Unknown,1998,A,ASIA,Iran-96,#A9A4C9
AY593793/PHL/Unknown/1975/A,PHL,Unknown,1975,A,EUROPE-SOUTH-AMERICA-EURO-SA-SOUTH,,#9D98BF
AY593794/COL/Unknown/1985/A,COL,Unknown,1985,A,EUROPE-SOUTH-AMERICA-EURO-SA-SOUTH,,#A49FC5
AY593795/PAK/Unknown/1954/Asia1,PAK,Unknown,1954,Asia1,ASIA,,#44998D
AY593796/ISR/Unknown/1963/Asia1,ISR,Unknown,1963,Asia1,ASIA,,#4B9F93
AY593800/LBN/Unknown/1983/Asia1,LBN,Unknown,1983,Asia1,ASIA,,#68B7AB
AY593803/BRA/Unknown/1979/A,BRA,Unknown,1979,A,EUROPE-SOUTH-AMERICA-EURO-SA-SOUTH,,#9F9AC1
AY593804/CHE/Unknown/1965/C,CHE,Unknown,1965,C,EUROPE-SOUTH-AMERICA-EURO-SA-SOUTH,,#C1EC79
AY593806/BRA/Unknown/1971/C,BRA,Unknown,1971,C,EUROPE-SOUTH-AMERICA-EURO-SA-SOUTH,,#99C23C
AY593810/GBR/Unknown/1970/C,GBR,Unknown,1970,C,V-East-Africa-EA,,#8FB82D
AY593812/PHL/Unknown/1958/O,PHL,Unknown,1958,O,SOUTHEAST-ASIA-SEA,,#CECE51
AY593813/IDN/Unknown/1962/O,IDN,Unknown,1962,O,INDONESIA-1-ISA-1-1,,#B7B717
AY593821/ARG/Unknown/1967/O,ARG,Unknown,1967,O,EUROPE-SOUTH-AMERICA-EURO-SA-SOUTH,,#B8B819
AY593823/TUR/Unknown/1969/O,TUR,Unknown,1969,O,MIDDLE-EAST-SOUTH-ASIA-ME-SA,,#DADA6E
AY593825/ARG/Unknown/1939/O,ARG,Unknown,1939,O,EUROPE-SOUTH-AMERICA-EURO-SA-SOUTH,,#BCBC23
AY593827/VEN/Unknown/1971/O,VEN,Unknown,1971,O,EUROPE-SOUTH-AMERICA-EURO-SA-SOUTH,,#BABA1F
AY593828/IND/Unknown/1962/O,IND,Unknown,1962,O,SOUTHEAST-ASIA-SEA,,#CECE4F
AY593834/IRN/Unknown/1966/O,IRN,Unknown,1966,O,SOUTHEAST-ASIA-SEA,,#BDBD25
AY593835/TWN/Unknown/1997/O,TWN,Unknown,1997,O,CATHAY,,#AEAE01
AY593838/BWA/Unknown/1970/SAT1,BWA,Unknown,1970,SAT1,III-WESTERN-ZIMBABWE-WZ,,#C08219
AY593840/NAM/Unknown/1949/SAT1,NAM,Unknown,1949,SAT1,III-WESTERN-ZIMBABWE-WZ,,#C48620
AY593841/ZWE/Unknown/1958/SAT1,ZWE,Unknown,1958,SAT1,III-WESTERN-ZIMBABWE-WZ,,#C2841C
AY593842/ZAF/Unknown/1961/SAT1,ZAF,Unknown,1961,SAT1,III-WESTERN-ZIMBABWE-WZ,,#C68824
AY593843/NAM/Unknown/1940/SAT1,NAM,Unknown,1940,SAT1,III-WESTERN-ZIMBABWE-WZ,,#CB8F30
AY593844/ISR/Unknown/1962/SAT1,ISR,Unknown,1962,SAT1,VI,,#BD7E11
AY593845/BWA/Unknown/1968/SAT1,BWA,Unknown,1968,SAT1,III-WESTERN-ZIMBABWE-WZ,,#CA8D2C
AY593846/ZWE/Unknown/1966/SAT1,ZWE,Unknown,1966,SAT1,ASIA,,#D1953B
AY593847/ZWE/Unknown/1948/SAT2,ZWE,Unknown,1948,SAT2,III,,#E66C4C
AY593848/Unknown/Unknown/1967/SAT2,Unknown,Unknown,1967,SAT2,I,,#E46745
AY593849/KEN/Unknown/1960/SAT2,KEN,Unknown,1960,SAT2,IX,,#D23C08
AY593850/ZAF/Unknown/1959/SAT3,ZAF,Unknown,1959,SAT3,I-SOUTHEAST-ZIMBABWE-SEZ,,#6C9FC0
AY593852/KEN/Unknown/1960/SAT3,KEN,Unknown,1960,SAT3,II-WESTERN-ZIMBABWE-WZ,,#6194B5
AY686687/Unknown/Unknown/2001/O,Unknown,Unknown,2001,O,CATHAY,,#AFAF03
DQ533483/CHN/Unknown/1958/Asia1,CHN,Unknown,1958,Asia1,ASIA,,#479C90
DQ989306/IND/cattle/1986/Asia1,IND,cattle,1986,Asia1,ASIA,,#52A599
DQ989307/IND/cattle/1992/Asia1,IND,cattle,1992,Asia1,ASIA,,#6FBDB1
DQ989308/IND/cattle/1994/Asia1,IND,cattle,1994,Asia1,ASIA,,#8CD5C9
DQ989310/IND/cattle/1999/Asia1,IND,cattle,1999,Asia1,ASIA,,#94DBCF
DQ989311/IND/buffalo/2002/Asia1,IND,buffalo,2002,Asia1,ASIA,,#90D8CC
DQ989312/IND/sheep/1990/Asia1,IND,sheep,1990,Asia1,ASIA,,#6CBAAE
DQ989313/IND/buffalo/1986/Asia1,IND,buffalo,1986,Asia1,ASIA,,#56A89C
DQ989315/IND/cattle/1993/Asia1,IND,cattle,1993,Asia1,ASIA,,#73C0B4
DQ989319/IND/cattle/2001/Asia1,IND,cattle,2001,Asia1,ASIA,,#7AC6BA
DQ989323/IND/cattle/2002/Asia1,IND,cattle,2002,Asia1,ASIA,,#77C3B7
EF149010/CHN/Unknown/2005/Asia1,CHN,Unknown,2005,Asia1,ASIA,,#85CFC3
EF175732/CHN/Unknown/1999/O,CHN,Unknown,1999,O,CATHAY,,#B0B005
EF614457/KOR/cattle/2002/O,KOR,cattle,2002,O,MIDDLE-EAST-SOUTH-ASIA-ME-SA,PanAsia,#F4F4AE
FJ461344/UGA/cow/2002/O,UGA,cow,2002,O,EAST-AFRICA-2-EA-2,,#CACA47
FJ461345/UGA/Unknown/2002/O,UGA,Unknown,2002,O,EAST-AFRICA-2-EA-2,,#CACA45
GU125646/VNM/buffalo/2005/Asia1,VNM,buffalo,2005,Asia1,ASIA,,#40968A
GU125649/VNM/cattle/2006/O,VNM,cattle,2006,O,SOUTHEAST-ASIA-SEA,Mya-98,#D6D663
GU125650/VNM/cattle/2006/O,VNM,cattle,2006,O,SOUTHEAST-ASIA-SEA,Mya-98,#D5D561
HM008917/CHN/pig/2005/O,CHN,pig,2005,O,MIDDLE-EAST-SOUTH-ASIA-ME-SA,PanAsia,#F5F5B0
HM067704/UGA/african-buffalo/2007/SAT2,UGA,african-buffalo,2007,SAT2,X,,#D33F0C
HM067705/UGA/african-buffalo/2007/SAT2,UGA,african-buffalo,2007,SAT2,X,,#D54413
HM067706/UGA/african-buffalo/2007/SAT1,UGA,african-buffalo,2007,SAT1,IV-EAST-AFRICA1-EA-1,,#CF9337
HM191257/UGA/cow/2006/O,UGA,cow,2006,O,EAST-AFRICA-2-EA-2,,#CDCD4D
HM229661/HKG/pig/2010/O,HKG,pig,2010,O,SOUTHEAST-ASIA-SEA,,#D2D259
HQ009509/CHN/pig/1999/O,CHN,pig,1999,O,MIDDLE-EAST-SOUTH-ASIA-ME-SA,PanAsia,#F6F6B2
HQ113233/AFG/cow/2009/Asia1,AFG,cow,2009,Asia1,ASIA,,#81CCC0
HQ268509/VNM/Unknown/2004/A,VNM,Unknown,2004,A,ASIA,Sea-97,#B9B4D7
HQ632769/MYS/cattle/2001/O,MYS,cattle,2001,O,SOUTHEAST-ASIA-SEA,Cam-94,#CFCF53
HQ632771/MYS/pig/2005/O,MYS,pig,2005,O,CATHAY,,#AEAE00
HQ632774/MYS/cattle/1999/Asia1,MYS,cattle,1999,Asia1,ASIA,,#3D9487
HQ832577/IND/Unknown/1999/A,IND,Unknown,1999,A,ASIA,,#C2BEE0
HQ832583/IND/Unknown/2005/A,IND,Unknown,2005,A,ASIA,,#A9A4CA
HQ832584/IND/cattle/2005/A,IND,cattle,2005,A,ASIA,,#B2ADD1
HQ832585/IND/Unknown/2005/A,IND,Unknown,2005,A,ASIA,,#B0ABD0
HQ832586/IND/Unknown/2006/A,IND,Unknown,2006,A,ASIA,,#B1ACD1
HQ832588/IND/cattle/2005/A,IND,cattle,2005,A,ASIA,,#AFAACF
HQ832589/IND/cattle/2006/A,IND,cattle,2006,A,ASIA,,#AEA9CE
HQ832591/IND/cattle/2008/A,IND,cattle,2008,A,ASIA,,#ADA8CD
HQ832592/IND/cattle/2009/A,IND,cattle,2009,A,ASIA,,#ACA7CC
JF749841/Unknown/Unknown/2006/A,Unknown,Unknown,2006,A,ASIA,Iran-05,#C4C0E2
JF749843/Unknown/Unknown/2006/A,Unknown,Unknown,2006,A,AFRICA,,#8781AB
JF749848/Unknown/Unknown/2003/A,Unknown,Unknown,2003,A,ASIA,,#A8A3C8
JF749849/Unknown/Unknown/2002/Asia1,Unknown,Unknown,2002,Asia1,ASIA,,#7EC9BD
JF749851/Unknown/Unknown/2001/O,Unknown,Unknown,2001,O,MIDDLE-EAST-SOUTH-ASIA-ME-SA,PanAsia,#F2F2AA
JF749852/Unknown/Unknown/2004/O,Unknown,Unknown,2004,O,MIDDLE-EAST-SOUTH-ASIA-ME-SA,PanAsia-2,#EAEA96
JF749860/Unknown/Unknown/2002/SAT1,Unknown,Unknown,2002,SAT1,I-NORTHWEST-ZIMBABWE-NWZ,,#DCA252
JF749861/Unknown/Unknown/2002/SAT2,Unknown,Unknown,2002,SAT2,IV,,#EA775B
JF749862/Unknown/Unknown/2002/SAT2,Unknown,Unknown,2002,SAT2,X,,#D44110
JF749864/Unknown/Unknown/2003/SAT2,Unknown,Unknown,2003,SAT2,I,,#E05F39
JN006719/Unknown/Unknown/2008/Asia1,Unknown,Unknown,2008,Asia1,ASIA,,#64B4A8
JN006720/Unknown/Unknown/2009/Asia1,Unknown,Unknown,2009,Asia1,ASIA,,#61B1A5
JN006722/Unknown/Unknown/2008/A,Unknown,Unknown,2008,A,ASIA,Iran-05,#CBC7E7
JX869178/GBR/cattle/1967/O,GBR,cattle,1967,O,EUROPE-SOUTH-AMERICA-EURO-SA-SOUTH,,#BABA1D
KC440881/EGY/Unknown/2011/A,EGY,Unknown,2011,A,AFRICA,,#8D87B0
KC440882/EGY/Unknown/2012/A,EGY,Unknown,2012,A,ASIA,Iran-05,#C7C3E4
KC440883/EGY/Unknown/2011/O,EGY,Unknown,2011,O,MIDDLE-EAST-SOUTH-ASIA-ME-SA,PanAsia-2,#F1F1A6
KC440884/EGY/Unknown/2012/SAT2,EGY,Unknown,2012,SAT2,VII,,#D7491B
KF112884/RUS/cattle/2010/O,RUS,cattle,2010,O,SOUTHEAST-ASIA-SEA,Mya-98,#D9D96A
KF985189/BGD/cattle/2013/O,BGD,cattle,2013,O,MIDDLE-EAST-SOUTH-ASIA-ME-SA,,#E4E486
KJ754939/BGD/cattle/2013/A,BGD,cattle,2013,A,ASIA,,#ABA6CC
KJ820999/UGA/cattle/2013/SAT3,UGA,cattle,2013,SAT3,V-East-Africa-EA,,#3f6f8c
KJ933864/MYS/Unknown/1997/A,MYS,Unknown,1997,A,ASIA,Sea-97,#B3AED2
KM268895/TUR/cattle/2013/O,TUR,cattle,2013,O,MIDDLE-EAST-SOUTH-ASIA-ME-SA,PanAsia-2,#F0F0A4
KM268896/TUR/cattle/2013/A,TUR,cattle,2013,A,ASIA,Iran-05,#C9C5E6
KM268900/TZA/cattle/2012/SAT2,TZA,cattle,2012,SAT2,IV,,#E97458
KM268901/ZWE/cattle/1991/SAT3,ZWE,cattle,1991,SAT3,I-SOUTHEAST-ZIMBABWE-SEZ,,#8EBFE1
KP940473/EGY/cattle/2014/O,EGY,cattle,2014,O,MIDDLE-EAST-SOUTH-ASIA-ME-SA,,#DADA6C
KR108950/ZAF/african-buffalo/2009/SAT3,ZAF,african-buffalo,2009,SAT3,I-SOUTHEAST-ZIMBABWE-SEZ,,#83B4D6
KU204893/CHN/pig/2013/O,CHN,pig,2013,O,CATHAY,,#B2B209
KU204894/CHN/pig/2013/O,CHN,pig,2013,O,CATHAY,,#B2B20B
KU360085/CHN/pig/2015/Asia1,CHN,pig,2015,Asia1,ASIA,,#4FA296
KU726614/GRC/sheep/1994/O,GRC,sheep,1994,O,MIDDLE-EAST-SOUTH-ASIA-ME-SA,,#DCDC72
KU821590/NAM/cow/2010/SAT1,NAM,cow,2010,SAT1,III-WESTERN-ZIMBABWE-WZ,,#BF8015
KU821592/ZMB/cow/2009/SAT2,ZMB,cow,2009,SAT2,III,,#E87254
KX534089/KOR/pig/2016/O,KOR,pig,2016,O,SOUTHEAST-ASIA-SEA,,#D2D25B
KY072818/CHN/cattle/1959/O,CHN,cattle,1959,O,CATHAY,,#B6B615
KY322672/MYS/cattle/2014/O,MYS,cattle,2014,O,SOUTHEAST-ASIA-SEA,,#D0D055
KY322673/MYS/cattle/2014/O,MYS,cattle,2014,O,SOUTHEAST-ASIA-SEA,Mya-98,#D7D766
KY322678/MYS/cattle/2013/A,MYS,cattle,2013,A,ASIA,Sea-97,#B8B3D7
KY444644/THA/pig/2013/O,THA,pig,2013,O,SOUTHEAST-ASIA-SEA,Mya-98,#D6D664
KY444649/THA/pig/2016/O,THA,pig,2016,O,SOUTHEAST-ASIA-SEA,,#D1D157
KY446903/PAK/water-buffalo/2005/O,PAK,water-buffalo,2005,O,MIDDLE-EAST-SOUTH-ASIA-ME-SA,,#DBDB70
LC564898/THA/cow/2008/A,THA,cow,2008,A,ASIA,Sea-97,#BBB6D9
LC564907/THA/cow/2011/A,THA,cow,2011,A,ASIA,Sea-97,#B7B2D6
LC564909/THA/cow/2012/A,THA,cow,2012,A,ASIA,Sea-97,#B4AFD3
LC564922/THA/cow/2016/A,THA,cow,2016,A,ASIA,Sea-97,#B6B1D5
LC564923/THA/cow/2016/A,THA,cow,2016,A,ASIA,Sea-97,#B5B0D4
LC729872/THA/pig/2016/O,THA,pig,2016,O,MIDDLE-EAST-SOUTH-ASIA-ME-SA,,#E2E280
LC770123/IRQ/cattle/2023/SAT1,IRQ,cattle,2023,SAT1,VII-EAST-AFRICA-2-EA-2,,#B77805
LC771233/IRQ/water-buffalo/2023/A,IRQ,water-buffalo,2023,A,AFRICA,,#8F89B2
MF143578/VNM/cattle/2013/O,VNM,cattle,2013,O,MIDDLE-EAST-SOUTH-ASIA-ME-SA,,#F7F7B6
MF372125/IND/gayal/2016/Asia1,IND,gayal,2016,Asia1,ASIA,,#9BE1D5
MF372126/IND/gayal/1994/Asia1,IND,gayal,1994,Asia1,ASIA,,#89D2C6
MF782478/BGD/cattle/2013/Asia1,BGD,cattle,2013,Asia1,ASIA,,#9FE4D8
MF947129/VNM/pig/2014/O,VNM,pig,2014,O,MIDDLE-EAST-SOUTH-ASIA-ME-SA,,#FAFABC
MF947132/VNM/buffalo/2015/O,VNM,buffalo,2015,O,MIDDLE-EAST-SOUTH-ASIA-ME-SA,,#FFFFC8
MF947137/VNM/buffalo/2012/O,VNM,buffalo,2012,O,MIDDLE-EAST-SOUTH-ASIA-ME-SA,,#FBFBC0
MF947143/VNM/cattle/2013/O,VNM,cattle,2013,O,MIDDLE-EAST-SOUTH-ASIA-ME-SA,,#FEFEC6
MG725872/NER/cow/2013/A,NER,cow,2013,A,AFRICA,,#8C86B0
MG725874/NER/cow/2015/A,NER,cow,2015,A,AFRICA,,#8B85AF
MG923580/DZA/cattle/2017/A,DZA,cattle,2017,A,AFRICA,,#8A84AE
MG983690/BTN/cattle/2016/O,BTN,cattle,2016,O,MIDDLE-EAST-SOUTH-ASIA-ME-SA,Ind-2001d,#E9E992
MG983706/NPL/cattle/2010/O,NPL,cattle,2010,O,MIDDLE-EAST-SOUTH-ASIA-ME-SA,Ind-2001d,#E6E68A
MG983710/NPL/water-buffalo/2012/O,NPL,water-buffalo,2012,O,MIDDLE-EAST-SOUTH-ASIA-ME-SA,,#DFDF7A
MG983717/NPL/cattle/2015/O,NPL,cattle,2015,O,MIDDLE-EAST-SOUTH-ASIA-ME-SA,Ind-2001d,#E6E68C
MH053305/EGY/cattle/1972/A,EGY,cattle,1972,A,AFRICA,,#8882AC
MH053306/TCD/cattle/1973/A,TCD,cattle,1973,A,AFRICA,,#8983AD
MH053307/ZMB/cattle/1990/A,ZMB,cattle,1990,A,AFRICA,,#827CA7
MH053308/ETH/unknown/1971/C,ETH,unknown,1971,C,AFRICA,,#85AD1E
MH053309/KEN/cattle/1967/C,KEN,cattle,1967,C,AFRICA,,#7BA30F
MH053310/UGA/cattle/1970/C,UGA,cattle,1970,C,AFRICA,,#729900
MH053311/ETH/cattle/2004/O,ETH,cattle,2004,O,EAST-AFRICA-3-EA-3,,#C2C233
MH053312/ETH/cattle/2005/O,ETH,cattle,2005,O,EAST-AFRICA-4-EA-4,,#C6C63B
MH053313/ETH/cattle/2006/O,ETH,cattle,2006,O,EAST-AFRICA-3-EA-3,,#BEBE29
MH053314/ETH/cattle/2007/O,ETH,cattle,2007,O,EAST-AFRICA-3-EA-3,,#C1C12F
MH053315/SDN/unknown/1976/O,SDN,unknown,1976,O,WEST-AFRICA-WA,,#BEBE27
MH053316/UGA/cattle/1996/O,UGA,cattle,1996,O,EAST-AFRICA-1-EA-1,,#C3C335
MH053317/UGA/unknown/1998/O,UGA,unknown,1998,O,EAST-AFRICA-4-EA-4,,#C5C539
MH053320/KEN/cattle/1983/SAT1,KEN,cattle,1983,SAT1,I-NORTHWEST-ZIMBABWE-NWZ,,#DFA65A
MH053321/MOZ/cattle/1981/SAT1,MOZ,cattle,1981,SAT1,ASIA,,#D3973F
MH053322/NAM/african-buffalo/1989/SAT1,NAM,african-buffalo,1989,SAT1,III-WESTERN-ZIMBABWE-WZ,,#C88B28
MH053323/TCD/cattle/1972/SAT1,TCD,cattle,1972,SAT1,VI,,#BB7C0D
MH053325/UGA/cattle/1978/SAT1,UGA,cattle,1978,SAT1,VII-EAST-AFRICA-2-EA-2,,#B97A09
MH053326/UGA/african-buffalo/1970/SAT1,UGA,african-buffalo,1970,SAT1,IV-EAST-AFRICA1-EA-1,,#CD9134
MH053328/BWA/african-buffalo/1968/SAT2,BWA,african-buffalo,1968,SAT2,III,,#E76F50
MH053331/BWA/african-buffalo/1972/SAT2,BWA,african-buffalo,1972,SAT2,II,,#DD572E
MH053332/BWA/african-buffalo/1974/SAT2,BWA,african-buffalo,1974,SAT2,II,,#DF5C36
MH053333/ETH/cattle/1989/SAT2,ETH,cattle,1989,SAT2,IV,,#ED7C63
MH053334/ZMB/cattle/1964/SAT2,ZMB,cattle,1964,SAT2,III,,#E56A48
MH053335/ZWE/cattle/1965/SAT2,ZWE,cattle,1965,SAT2,I,,#E36441
MH053343/ZWE/cattle/1934/SAT3,ZWE,cattle,1934,SAT3,III-NORTHWEST-ZIMBABWE-NWZ,,#679ABA
MH053344/ZWE/cattle/1974/SAT3,ZWE,cattle,1974,SAT3,I-SOUTHEAST-ZIMBABWE-SEZ,,#7DAFD0
MH053347/ZWE/cattle/1976/SAT3,ZWE,cattle,1976,SAT3,I-SOUTHEAST-ZIMBABWE-SEZ,,#9ACAEC
MH053350/ZWE/african-buffalo/1983/SAT3,ZWE,african-buffalo,1983,SAT3,I-SOUTHEAST-ZIMBABWE-SEZ,,#94C4E6
MH053351/ZWE/cattle/1984/SAT3,ZWE,cattle,1984,SAT3,II-WESTERN-ZIMBABWE-WZ,,#5084A4
MH053352/ZWE/african-buffalo/1990/SAT3,ZWE,african-buffalo,1990,SAT3,III-NORTHWEST-ZIMBABWE-NWZ,,#4A7F9F
MH167962/UGA/cow/2015/O,UGA,cow,2015,O,EAST-AFRICA-2-EA-2,,#C9C943
MH167965/UGA/cow/2016/O,UGA,cow,2016,O,EAST-AFRICA-2-EA-2,,#CCCC4B
MH167966/UGA/cow/2015/O,UGA,cow,2015,O,EAST-AFRICA-2-EA-2,,#CBCB49
MH784405/PAK/cattle/2017/O,PAK,cattle,2017,O,MIDDLE-EAST-SOUTH-ASIA-ME-SA,PanAsia-2,#ECEC9A
MH791293/UGA/cattle/2017/O,UGA,cattle,2017,O,EAST-AFRICA-4-EA-4,,#C4C437
MH845413/VNM/pig/2014/O,VNM,pig,2014,O,SOUTHEAST-ASIA-SEA,,#D4D45F
MK071699/BGD/cattle/2013/O,BGD,cattle,2013,O,MIDDLE-EAST-SOUTH-ASIA-ME-SA,,#E3E384
MK940253/SAU/cattle/2017/A,SAU,cattle,2017,A,ASIA,,#AAA5CB
MN062583/PAK/cattle/2009/O,PAK,cattle,2009,O,MIDDLE-EAST-SOUTH-ASIA-ME-SA,PanAsia-2,#EBEB98
MN062586/AFG/cattle/2009/A,AFG,cattle,2009,A,ASIA,Iran-05,#C3BFE1
MN062587/PAK/cattle/2009/A,PAK,cattle,2009,A,ASIA,Iran-05,#C6C2E3
MN095371/IND/cattle/2014/O,IND,cattle,2014,O,MIDDLE-EAST-SOUTH-ASIA-ME-SA,Ind-2001d,#E8E890
MN103523/NER/cow/2014/SAT2,NER,cow,2014,SAT2,VII,,#DC542A
MN116688/KEN/cow/2016/A,KEN,cow,2016,A,AFRICA,,#837DA8
MN116690/KEN/cow/2014/SAT1,KEN,cow,2014,SAT1,I-NORTHWEST-ZIMBABWE-NWZ,,#FDC798
MN116691/KEN/cow/2016/SAT1,KEN,cow,2016,SAT1,I-NORTHWEST-ZIMBABWE-NWZ,,#DEA456
MN116692/KEN/cow/2014/SAT2,KEN,cow,2014,SAT2,IV,,#F48F7D
MN116693/KEN/cow/2014/O,KEN,cow,2014,O,EAST-AFRICA-2-EA-2,,#C6C63D
MN116694/KEN/cow/2016/O,KEN,cow,2016,O,EAST-AFRICA-2-EA-2,,#C8C841
MN275121/CMR/cow/2016/SAT1,CMR,cow,2016,SAT1,X,,#B67602
MN366244/BGD/cattle/2018/Asia1,BGD,cattle,2018,Asia1,ASIA,,#97DED2
MN442539/ZAF/african-buffalo/1991/SAT1,ZAF,african-buffalo,1991,SAT1,ASIA,,#D69B47
MN442540/ZAF/african-buffalo/1991/SAT1,ZAF,african-buffalo,1991,SAT1,ASIA,,#D59943
MN953620/PAK/cattle/2019/O,PAK,cattle,2019,O,MIDDLE-EAST-SOUTH-ASIA-ME-SA,,#E0E07C
MN983152/IND/cattle/1997/O,IND,cattle,1997,O,MIDDLE-EAST-SOUTH-ASIA-ME-SA,Ind-2001a,#DDDD74
MN983155/IND/cattle/2008/O,IND,cattle,2008,O,MIDDLE-EAST-SOUTH-ASIA-ME-SA,Ind-2001b,#DEDE78
MN983156/IND/cattle/2008/O,IND,cattle,2008,O,MIDDLE-EAST-SOUTH-ASIA-ME-SA,,#E5E588
MN983157/IND/cattle/2009/O,IND,cattle,2009,O,MIDDLE-EAST-SOUTH-ASIA-ME-SA,Ind-2001c,#DEDE76
MN983158/IND/cattle/2009/O,IND,cattle,2009,O,MIDDLE-EAST-SOUTH-ASIA-ME-SA,,#E2E282
MT018551/ISR/cattle/2018/O,ISR,cattle,2018,O,MIDDLE-EAST-SOUTH-ASIA-ME-SA,PanAsia-2,#EEEEA0
MT602077/ETH/cattle/2018/A,ETH,cattle,2018,A,AFRICA,,#857FAA
MT602078/ETH/cattle/2019/A,ETH,cattle,2019,A,AFRICA,,#8E88B1
MT602079/SDN/cattle/2018/A,SDN,cattle,2018,A,AFRICA,,#908AB3
MT602081/ETH/cattle/2015/O,ETH,cattle,2015,O,EAST-AFRICA-3-EA-3,,#C2C231
MT602084/KEN/cattle/2018/O,KEN,cattle,2018,O,EAST-AFRICA-2-EA-2,,#C7C73F
MT602086/TZA/cattle/2012/SAT1,TZA,cattle,2012,SAT1,I-NORTHWEST-ZIMBABWE-NWZ,,#EEB779
MT602087/TZA/cattle/2013/SAT1,TZA,cattle,2013,SAT1,I-NORTHWEST-ZIMBABWE-NWZ,,#FBC594
MT602088/TZA/cattle/2014/SAT1,TZA,cattle,2014,SAT1,I-NORTHWEST-ZIMBABWE-NWZ,,#F9C390
MT602090/ETH/cattle/2015/SAT2,ETH,cattle,2015,SAT2,VII,,#D64717
MT602092/KEN/cattle/2017/SAT2,KEN,cattle,2017,SAT2,IV,,#EB7A5F
MW355668/TZA/cattle/1980/SAT1,TZA,cattle,1980,SAT1,I-NORTHWEST-ZIMBABWE-NWZ,,#DAA04F
MW355669/ZMB/cattle/1988/SAT1,ZMB,cattle,1988,SAT1,I-NORTHWEST-ZIMBABWE-NWZ,,#D89D4B
MW355671/MOZ/Unknown/1970/SAT2,MOZ,Unknown,1970,SAT2,I,,#E1623D
MW355673/ZWE/cattle/1989/SAT2,ZWE,cattle,1989,SAT2,II,,#DE5932
MW355674/BWA/cattle/1967/SAT3,BWA,cattle,1967,SAT3,II-WESTERN-ZIMBABWE-WZ,,#5B8FAF
MW355676/ZWE/cattle/1976/SAT3,ZWE,cattle,1976,SAT3,I-SOUTHEAST-ZIMBABWE-SEZ,,#72A4C5
MW355677/ZAF/cattle/1979/SAT3,ZAF,cattle,1979,SAT3,I-SOUTHEAST-ZIMBABWE-SEZ,,#89BADB
MW355678/ZMB/african-buffalo/1996/SAT3,ZMB,african-buffalo,1996,SAT3,III-NORTHWEST-ZIMBABWE-NWZ,,#457A9A
MW355679/ZWE/african-buffalo/1990/SAT3,ZWE,african-buffalo,1990,SAT3,I-SOUTHEAST-ZIMBABWE-SEZ,,#78AACB
MW715622/NER/cow/2018/SAT2,NER,cow,2018,SAT2,VII,,#DA4F23
MW715629/NER/cow/2017/SAT2,NER,cow,2017,SAT2,VII,,#DB5126
MZ493232/PAK/cattle/2017/A,PAK,cattle,2017,A,ASIA,Iran-05,#CDC9E9
MZ493234/PAK/cattle/2018/A,PAK,cattle,2018,A,ASIA,Iran-05,#CCC8E8
NC_039210/GBR/Unknown/1965/O,GBR,Unknown,1965,O,EUROPE-SOUTH-AMERICA-EURO-SA,,#BBBB21
OK205905/VNM/cattle/2014/A,VNM,cattle,2014,A,ASIA,Sea-97,#BAB5D8
OK318499/VNM/cattle/2016/A,VNM,cattle,2016,A,ASIA,Sea-97,#BDB9DC
OK318500/VNM/cattle/2017/A,VNM,cattle,2017,A,ASIA,Sea-97,#BEBADC
OK318501/VNM/cattle/2019/A,VNM,cattle,2019,A,ASIA,Sea-97,#C0BCDE
OK318521/VNM/pig/2018/O,VNM,pig,2018,O,CATHAY,,#B4B40F
OK318535/VNM/pig/2019/O,VNM,pig,2019,O,CATHAY,,#B6B613
OK318551/VNM/cattle/2016/O,VNM,cattle,2016,O,SOUTHEAST-ASIA-SEA,Mya-98,#D8D868
OM022646/NER/cattle/2017/O,NER,cattle,2017,O,EAST-AFRICA-3-EA-3,,#C0C02D
OM160625/DZA/sheep/2015/O,DZA,sheep,2015,O,MIDDLE-EAST-SOUTH-ASIA-ME-SA,Ind-2001d,#E7E78E
OM455466/PAK/buffalo/2012/A,PAK,buffalo,2012,A,ASIA,Iran-05,#CFCBEB
OM455476/PAK/buffalo/2012/A,PAK,buffalo,2012,A,ASIA,Iran-05,#CECAEA
OM455477/PAK/buffalo/2012/A,PAK,buffalo,2012,A,ASIA,Iran-05,#D1CDED
OM455481/PAK/buffalo/2012/A,PAK,buffalo,2012,A,ASIA,Iran-05,#CAC6E7
OM455482/PAK/cattle/2009/A,PAK,cattle,2009,A,ASIA,Iran-05,#C5C1E2
OM455484/PAK/buffalo/2012/A,PAK,buffalo,2012,A,ASIA,Iran-05,#D0CCEC
OM456136/PAK/buffalo/2012/O,PAK,buffalo,2012,O,MIDDLE-EAST-SOUTH-ASIA-ME-SA,PanAsia-2,#EFEFA2
OM456149/PAK/cattle/2012/O,PAK,cattle,2012,O,MIDDLE-EAST-SOUTH-ASIA-ME-SA,PanAsia-2,#EEEE9E
OM456150/PAK/buffalo/2010/O,PAK,buffalo,2010,O,MIDDLE-EAST-SOUTH-ASIA-ME-SA,PanAsia-2,#EDED9C
OM471679/PAK/cattle/2012/Asia1,PAK,cattle,2012,Asia1,ASIA,,#5DAEA2
OM471680/PAK/buffalo/2012/Asia1,PAK,buffalo,2012,Asia1,ASIA,,#5AAB9F
OM562501/KEN/cow/2016/SAT2,KEN,cow,2016,SAT2,IV,,#F69281
OM562534/KEN/cow/2016/SAT1,KEN,cow,2016,SAT1,I-NORTHWEST-ZIMBABWE-NWZ,,#F5BF88
OM562542/KEN/cow/2016/SAT1,KEN,cow,2016,SAT1,I-NORTHWEST-ZIMBABWE-NWZ,,#E3AA62
OM562543/KEN/cow/2016/SAT1,KEN,cow,2016,SAT1,I-NORTHWEST-ZIMBABWE-NWZ,,#E7AE69
OM562544/KEN/cow/2016/SAT2,KEN,cow,2016,SAT2,IV,,#FFA8A0
OM562547/KEN/cow/2016/SAT1,KEN,cow,2016,SAT1,I-NORTHWEST-ZIMBABWE-NWZ,,#E5AC66
OM562549/KEN/cow/2016/SAT2,KEN,cow,2016,SAT2,IV,,#F0856E
OM562557/KEN/cow/2016/SAT1,KEN,cow,2016,SAT1,I-NORTHWEST-ZIMBABWE-NWZ,,#FFCA9C
OM562560/KEN/cow/2016/SAT1,KEN,cow,2016,SAT1,I-NORTHWEST-ZIMBABWE-NWZ,,#F7C18C
OM562563/KEN/cow/2016/SAT1,KEN,cow,2016,SAT1,I-NORTHWEST-ZIMBABWE-NWZ,,#EAB271
OM562571/KEN/cow/2016/SAT1,KEN,cow,2016,SAT1,I-NORTHWEST-ZIMBABWE-NWZ,,#F2BB81
OM562572/KEN/cow/2016/SAT2,KEN,cow,2016,SAT2,IV,,#EE7F67
OM562575/KEN/cow/2016/SAT2,KEN,cow,2016,SAT2,IV,,#F99A8D
OM562576/KEN/cow/2016/SAT1,KEN,cow,2016,SAT1,I-NORTHWEST-ZIMBABWE-NWZ,,#F4BD84
OM562577/KEN/cow/2016/SAT2,KEN,cow,2016,SAT2,IV,,#FDA59C
OM562578/KEN/cow/2016/SAT2,KEN,cow,2016,SAT2,IV,,#FB9F94
OM562581/KEN/cow/2016/SAT2,KEN,cow,2016,SAT2,IV,,#FCA298
OM562582/KEN/cow/2016/SAT1,KEN,cow,2016,SAT1,I-NORTHWEST-ZIMBABWE-NWZ,,#E9B06D
OM562585/KEN/cow/2016/SAT2,KEN,cow,2016,SAT2,IV,,#FA9D90
OM562588/KEN/cow/2016/SAT2,KEN,cow,2016,SAT2,IV,,#F89789
OM562591/KEN/cow/2016/SAT1,KEN,cow,2016,SAT1,I-NORTHWEST-ZIMBABWE-NWZ,,#F0B97D
OM562592/KEN/cow/2016/SAT2,KEN,cow,2016,SAT2,IV,,#F79585
OM562593/KEN/cow/2016/SAT2,KEN,cow,2016,SAT2,IV,,#EF826B
OM562598/KEN/cow/2016/SAT2,KEN,cow,2016,SAT2,IV,,#F38D7A
OM562599/KEN/cow/2016/SAT2,KEN,cow,2016,SAT2,IV,,#F28A76
OM562600/KEN/cow/2016/SAT2,KEN,cow,2016,SAT2,IV,,#F18772
OM863581/KEN/cattle/2012/A,KEN,cattle,2012,A,AFRICA,,#847EA9
OM863582/KEN/cattle/2010/SAT1,KEN,cattle,2010,SAT1,I-NORTHWEST-ZIMBABWE-NWZ,,#ECB475
OM863583/KEN/cattle/2013/SAT1,KEN,cattle,2013,SAT1,I-NORTHWEST-ZIMBABWE-NWZ,,#E1A85E
ON557390/ZMB/cow/2015/SAT3,ZMB,cow,2015,SAT3,I-SOUTHEAST-ZIMBABWE-SEZ,,#558AAA
ON652966/VNM/cow/2015/A,VNM,cow,2015,A,ASIA,Sea-97,#BCB7DA
ON652984/VNM/cow/2015/A,VNM,cow,2015,A,ASIA,Sea-97,#BFBBDD
ON868578/VNM/cow/2019/O,VNM,cow,2019,O,MIDDLE-EAST-SOUTH-ASIA-ME-SA,,#F6F6B4
ON868582/VNM/cow/2018/O,VNM,cow,2018,O,MIDDLE-EAST-SOUTH-ASIA-ME-SA,,#FDFDC4
ON868583/VNM/Unknown/2018/O,VNM,Unknown,2018,O,MIDDLE-EAST-SOUTH-ASIA-ME-SA,,#FCFCC2
ON868586/VNM/cow/2017/O,VNM,cow,2017,O,MIDDLE-EAST-SOUTH-ASIA-ME-SA,,#FAFABE
ON868587/VNM/cow/2017/O,VNM,cow,2017,O,MIDDLE-EAST-SOUTH-ASIA-ME-SA,,#F9F9BA
ON868588/VNM/water-buffalo/2018/O,VNM,water-buffalo,2018,O,MIDDLE-EAST-SOUTH-ASIA-ME-SA,,#F8F8B8
ON868620/VNM/pig/2019/O,VNM,pig,2019,O,SOUTHEAST-ASIA-SEA,,#D3D35D
ON868622/VNM/pig/2017/O,VNM,pig,2017,O,CATHAY,,#B3B30D
ON868623/VNM/pig/2017/O,VNM,pig,2017,O,CATHAY,,#B5B511
OP751924/IDN/cattle/2022/O,IDN,cattle,2022,O,MIDDLE-EAST-SOUTH-ASIA-ME-SA,,#E1E17E
OP957418/BGD/cattle/2021/O,BGD,cattle,2021,O,MIDDLE-EAST-SOUTH-ASIA-ME-SA,PanAsia-2,#EAEA94
OQ211406/Unknown/sheep/2007/O,Unknown,sheep,2007,O,MIDDLE-EAST-SOUTH-ASIA-ME-SA,PanAsia-2,#F2F2A8
OQ238686/DEU/cow/1971/A,DEU,cow,1971,A,EUROPE-SOUTH-AMERICA-EURO-SA-SOUTH,,#938DB6
OQ256242/ISR/cow/1969/A,ISR,cow,1969,A,EUROPE-SOUTH-AMERICA-EURO-SA-SOUTH,,#928CB5
OQ356340/BRA/cow/2001/A,BRA,cow,2001,A,EUROPE-SOUTH-AMERICA-EURO-SA-SOUTH,,#A09BC1
OQ356342/ARG/cow/2001/A,ARG,cow,2001,A,EUROPE-SOUTH-AMERICA-EURO-SA-SOUTH,,#9B96BD
OQ356343/ARG/cow/2003/A,ARG,cow,2003,A,EUROPE-SOUTH-AMERICA-EURO-SA-SOUTH,,#9A95BC
OQ356344/URY/cow/2006/A,URY,cow,2006,A,EUROPE-SOUTH-AMERICA-EURO-SA-SOUTH,,#9893BB
OQ356345/ARG/cow/2006/A,ARG,cow,2006,A,EUROPE-SOUTH-AMERICA-EURO-SA-SOUTH,,#918BB4
OQ356346/KEN/cow/2006/A,KEN,cow,2006,A,AFRICA,,#8680AB
OQ356348/IRQ/cow/2017/A,IRQ,cow,2017,A,ASIA,Iran-05,#C8C4E5
OQ356349/KEN/cow/2010/A,KEN,cow,2010,A,?',,#817BA6
OQ383267/BRA/cow/1963/C,BRA,cow,1963,C,EUROPE-SOUTH-AMERICA-EURO-SA-SOUTH,,#A3CC4B
OQ401874/NER/cattle/2020/SAT2,NER,cattle,2020,SAT2,VII,,#D84C1F
OQ427393/Unknown/cow/2009/C,Unknown,cow,2009,C,EUROPE-SOUTH-AMERICA-EURO-SA-SOUTH,,#ADD75A
OQ427394/ARG/cow/1993/O,ARG,cow,1993,O,EUROPE-SOUTH-AMERICA-EURO-SA-SOUTH,,#B9B91B
OQ457195/NER/cattle/2020/O,NER,cattle,2020,O,EAST-AFRICA-3-EA-3,,#BFBF2B
OQ557396/ETH/cattle/1991/SAT2,ETH,cattle,1991,SAT2,XIV,,#D13904
OQ557397/ETH/cow/2022/SAT2,ETH,cow,2022,SAT2,XIV,,#D03701
OQ745961/THA/cattle/2016/A,THA,cattle,2016,A,ASIA,Sea-97,#BDB8DB
PP273559/IND/elephant/1988/A,IND,elephant,1988,A,ASIA,,#C1BDDF
X74812/Unknown/Unknown/1965/C,Unknown,Unknown,1965,C,EUROPE-SOUTH-AMERICA-EURO-SA-SOUTH,,#B7E169
