GBAC,country,host,collection_date,serotype,Topotype
AH012985/KOR/Unknown/2000/O,KOR,Unknown,2000,O,MIDDLE-EAST-SOUTH-ASIA-ME-SA
AH012984/KOR/Unknown/2000/O,KOR,Unknown,2000,O,MIDDLE-EAST-SOUTH-ASIA-ME-SA
MZ493234/PAK/cattle/2018/A,PAK,cattle,2018,A,ASIA
MZ493233/PAK/cattle/2018/A,PAK,cattle,2018,A,ASIA
MZ493232/PAK/cattle/2017/A,PAK,cattle,2017,A,ASIA
MH167966/UGA/cow/2015/O,UGA,cow,2015,O,EAST-AFRICA-2-EA-2
MH167965/UGA/cow/2016/O,UGA,cow,2016,O,EAST-AFRICA-2-EA-2
MH167964/UGA/cow/2015/O,UGA,cow,2015,O,EAST-AFRICA-2-EA-2
MH167963/UGA/cow/2015/O,UGA,cow,2015,O,EAST-AFRICA-2-EA-2
MH167962/UGA/cow/2015/O,UGA,cow,2015,O,EAST-AFRICA-2-EA-2
MT018551/ISR/cattle/2018/O,ISR,cattle,2018,O,MIDDLE-EAST-SOUTH-ASIA-ME-SA
MT018550/ISR/cattle/2018/O,ISR,cattle,2018,O,MIDDLE-EAST-SOUTH-ASIA-ME-SA
MT018549/ISR/cattle/2018/O,ISR,cattle,2018,O,MIDDLE-EAST-SOUTH-ASIA-ME-SA
MT018548/ISR/pig/2018/O,ISR,pig,2018,O,MIDDLE-EAST-SOUTH-ASIA-ME-SA
DQ533483/CHN/Unknown/1958/Asia1,CHN,Unknown,1958,Asia1,ASIA
ON652984/VNM/cow/2015/A,VNM,cow,2015,A,ASIA
ON652983/VNM/cow/2015/A,VNM,cow,2015,A,ASIA
ON652982/VNM/cow/2015/A,VNM,cow,2015,A,ASIA
ON652981/VNM/cow/2015/A,VNM,cow,2015,A,ASIA
ON652980/VNM/cow/2015/A,VNM,cow,2015,A,ASIA
ON652979/VNM/cow/2015/A,VNM,cow,2015,A,ASIA
ON652978/VNM/cow/2015/A,VNM,cow,2015,A,ASIA
ON652977/VNM/cow/2015/A,VNM,cow,2015,A,ASIA
ON652976/VNM/cow/2015/A,VNM,cow,2015,A,ASIA
ON652975/VNM/cow/2015/A,VNM,cow,2015,A,ASIA
ON652974/VNM/cow/2015/A,VNM,cow,2015,A,ASIA
ON652973/VNM/water-buffalo/2015/A,VNM,water-buffalo,2015,A,ASIA
ON652972/VNM/cow/2015/A,VNM,cow,2015,A,ASIA
ON652971/VNM/cow/2015/A,VNM,cow,2015,A,ASIA
ON652970/VNM/cow/2015/A,VNM,cow,2015,A,ASIA
ON652969/VNM/cow/2015/A,VNM,cow,2015,A,ASIA
ON652968/VNM/cow/2015/A,VNM,cow,2015,A,ASIA
ON652967/VNM/cow/2013/A,VNM,cow,2013,A,ASIA
ON652966/VNM/cow/2015/A,VNM,cow,2015,A,ASIA
ON652965/VNM/cow/2015/A,VNM,cow,2015,A,ASIA
MN366244/BGD/cattle/2018/Asia1,BGD,cattle,2018,Asia1,ASIA
JF749864/Unknown/Unknown/2003/SAT2,Unknown,Unknown,2003,SAT2,I
JF749862/Unknown/Unknown/2002/SAT2,Unknown,Unknown,2002,SAT2,X
JF749861/Unknown/Unknown/2002/SAT2,Unknown,Unknown,2002,SAT2,IV
JF749860/Unknown/Unknown/2002/SAT1,Unknown,Unknown,2002,SAT1,I-NORTHWEST-ZIMBABWE-NWZ
JF749852/Unknown/Unknown/2004/O,Unknown,Unknown,2004,O,MIDDLE-EAST-SOUTH-ASIA-ME-SA
JF749851/Unknown/Unknown/2001/O,Unknown,Unknown,2001,O,MIDDLE-EAST-SOUTH-ASIA-ME-SA
JF749849/Unknown/Unknown/2002/Asia1,Unknown,Unknown,2002,Asia1,ASIA
JF749848/Unknown/Unknown/2003/A,Unknown,Unknown,2003,A,ASIA
JF749843/Unknown/Unknown/2006/A,Unknown,Unknown,2006,A,AFRICA
JF749841/Unknown/Unknown/2006/A,Unknown,Unknown,2006,A,ASIA
GU384683/PAK/buffalo/2008/O,PAK,buffalo,2008,O,MIDDLE-EAST-SOUTH-ASIA-ME-SA
GU384682/PAK/cattle/2008/O,PAK,cattle,2008,O,MIDDLE-EAST-SOUTH-ASIA-ME-SA
KC440884/EGY/Unknown/2012/SAT2,EGY,Unknown,2012,SAT2,VII
KC440883/EGY/Unknown/2011/O,EGY,Unknown,2011,O,MIDDLE-EAST-SOUTH-ASIA-ME-SA
KC440882/EGY/Unknown/2012/A,EGY,Unknown,2012,A,ASIA
KC440881/EGY/Unknown/2011/A,EGY,Unknown,2011,A,AFRICA
HM229661/HKG/pig/2010/O,HKG,pig,2010,O,III-NORTHWEST-ZIMBABWE-NWZ
JQ973889/CHN/cow/2010/O,CHN,cow,2010,O,III-NORTHWEST-ZIMBABWE-NWZ
JQ900581/CHN/pig/2010/O,CHN,pig,2010,O,III-NORTHWEST-ZIMBABWE-NWZ
FJ175666/ISR/cattle/2007/O,ISR,cattle,2007,O,MIDDLE-EAST-SOUTH-ASIA-ME-SA
FJ175665/ISR/cattle/2007/O,ISR,cattle,2007,O,MIDDLE-EAST-SOUTH-ASIA-ME-SA
FJ175664/ISR/cattle/2007/O,ISR,cattle,2007,O,MIDDLE-EAST-SOUTH-ASIA-ME-SA
FJ175663/ISR/cattle/2007/O,ISR,cattle,2007,O,MIDDLE-EAST-SOUTH-ASIA-ME-SA
FJ175662/ISR/cattle/2007/O,ISR,cattle,2007,O,MIDDLE-EAST-SOUTH-ASIA-ME-SA
FJ175661/ISR/goat/2007/O,ISR,goat,2007,O,MIDDLE-EAST-SOUTH-ASIA-ME-SA
FJ461345/UGA/Unknown/2002/O,UGA,Unknown,2002,O,EAST-AFRICA-2-EA-2
FJ461344/UGA/cow/2002/O,UGA,cow,2002,O,EAST-AFRICA-2-EA-2
EF117837/PAK/cattle/2006/A,PAK,cattle,2006,A,ASIA
PP273559/IND/elephant/1988/A,IND,elephant,1988,A,ASIA
OQ356346/KEN/cow/2006/A,KEN,cow,2006,A,AFRICA
OQ427394/ARG/cow/1993/O,ARG,cow,1993,O,EUROPE-SOUTH-AMERICA-EURO-SA-SOUTH
OQ356340/BRA/cow/2001/A,BRA,cow,2001,A,EUROPE-SOUTH-AMERICA-EURO-SA-SOUTH
OQ356349/KEN/cow/2010/A,KEN,cow,2010,A,?'
OQ356348/IRQ/cow/2017/A,IRQ,cow,2017,A,ASIA
OQ356347/EGY/cow/2008/A,EGY,cow,2008,A,AFRICA
OQ356345/ARG/cow/2006/A,ARG,cow,2006,A,EUROPE-SOUTH-AMERICA-EURO-SA-SOUTH
OQ356344/URY/cow/2006/A,URY,cow,2006,A,EUROPE-SOUTH-AMERICA-EURO-SA-SOUTH
OQ356343/ARG/cow/2003/A,ARG,cow,2003,A,EUROPE-SOUTH-AMERICA-EURO-SA-SOUTH
OQ356342/ARG/cow/2001/A,ARG,cow,2001,A,EUROPE-SOUTH-AMERICA-EURO-SA-SOUTH
OQ356341/BRA/cow/1970/A,BRA,cow,1970,A,EUROPE-SOUTH-AMERICA-EURO-SA-SOUTH
OQ256242/ISR/cow/1969/A,ISR,cow,1969,A,EUROPE-SOUTH-AMERICA-EURO-SA-SOUTH
OQ238686/DEU/cow/1971/A,DEU,cow,1971,A,EUROPE-SOUTH-AMERICA-EURO-SA-SOUTH
OQ238685/ARG/cow/1990/A,ARG,cow,1990,A,EUROPE-SOUTH-AMERICA-EURO-SA-SOUTH
OQ211407/Unknown/sheep/2007/O,Unknown,sheep,2007,O,MIDDLE-EAST-SOUTH-ASIA-ME-SA
OQ211406/Unknown/sheep/2007/O,Unknown,sheep,2007,O,MIDDLE-EAST-SOUTH-ASIA-ME-SA
OQ211405/Unknown/cattle/2007/O,Unknown,cattle,2007,O,MIDDLE-EAST-SOUTH-ASIA-ME-SA
OQ211404/Unknown/cattle/2007/O,Unknown,cattle,2007,O,MIDDLE-EAST-SOUTH-ASIA-ME-SA
OQ211403/Unknown/cattle/2007/O,Unknown,cattle,2007,O,MIDDLE-EAST-SOUTH-ASIA-ME-SA
OQ211402/Unknown/cattle/2007/O,Unknown,cattle,2007,O,MIDDLE-EAST-SOUTH-ASIA-ME-SA
OQ211401/Unknown/cattle/2007/O,Unknown,cattle,2007,O,MIDDLE-EAST-SOUTH-ASIA-ME-SA
OQ211400/Unknown/cattle/2007/O,Unknown,cattle,2007,O,MIDDLE-EAST-SOUTH-ASIA-ME-SA
OQ211399/Unknown/gazelle/2007/O,Unknown,gazelle,2007,O,MIDDLE-EAST-SOUTH-ASIA-ME-SA
OQ211398/Unknown/gazelle/2007/O,Unknown,gazelle,2007,O,MIDDLE-EAST-SOUTH-ASIA-ME-SA
OQ211397/Unknown/sheep/2007/O,Unknown,sheep,2007,O,MIDDLE-EAST-SOUTH-ASIA-ME-SA
OQ211396/Unknown/cattle/2007/O,Unknown,cattle,2007,O,MIDDLE-EAST-SOUTH-ASIA-ME-SA
OQ211394/Unknown/cattle/2007/O,Unknown,cattle,2007,O,MIDDLE-EAST-SOUTH-ASIA-ME-SA
OQ211393/Unknown/goat/2007/O,Unknown,goat,2007,O,MIDDLE-EAST-SOUTH-ASIA-ME-SA
OQ211392/Unknown/cattle/2007/O,Unknown,cattle,2007,O,MIDDLE-EAST-SOUTH-ASIA-ME-SA
OQ211391/Unknown/cattle/2007/O,Unknown,cattle,2007,O,MIDDLE-EAST-SOUTH-ASIA-ME-SA
OQ211390/Unknown/cattle/2007/O,Unknown,cattle,2007,O,MIDDLE-EAST-SOUTH-ASIA-ME-SA
OQ211389/Unknown/goat/2006/O,Unknown,goat,2006,O,MIDDLE-EAST-SOUTH-ASIA-ME-SA
OQ211388/Unknown/sheep/2007/O,Unknown,sheep,2007,O,MIDDLE-EAST-SOUTH-ASIA-ME-SA
OQ211387/Unknown/cattle/2007/O,Unknown,cattle,2007,O,MIDDLE-EAST-SOUTH-ASIA-ME-SA
OQ211386/Unknown/cattle/2007/O,Unknown,cattle,2007,O,MIDDLE-EAST-SOUTH-ASIA-ME-SA
OQ211385/Unknown/cattle/2007/O,Unknown,cattle,2007,O,MIDDLE-EAST-SOUTH-ASIA-ME-SA
OQ211384/Unknown/cattle/2007/O,Unknown,cattle,2007,O,MIDDLE-EAST-SOUTH-ASIA-ME-SA
OQ211383/Unknown/gazelle/2007/O,Unknown,gazelle,2007,O,MIDDLE-EAST-SOUTH-ASIA-ME-SA
OQ211382/Unknown/gazelle/2007/O,Unknown,gazelle,2007,O,MIDDLE-EAST-SOUTH-ASIA-ME-SA
OQ211381/Unknown/gazelle/2007/O,Unknown,gazelle,2007,O,MIDDLE-EAST-SOUTH-ASIA-ME-SA
OQ211380/Unknown/cattle/2007/O,Unknown,cattle,2007,O,MIDDLE-EAST-SOUTH-ASIA-ME-SA
OQ211378/Unknown/cattle/2007/O,Unknown,cattle,2007,O,MIDDLE-EAST-SOUTH-ASIA-ME-SA
OQ211377/Unknown/cattle/2007/O,Unknown,cattle,2007,O,MIDDLE-EAST-SOUTH-ASIA-ME-SA
OQ211376/Unknown/cattle/2007/O,Unknown,cattle,2007,O,MIDDLE-EAST-SOUTH-ASIA-ME-SA
OQ211375/Unknown/sheep/2007/O,Unknown,sheep,2007,O,MIDDLE-EAST-SOUTH-ASIA-ME-SA
OQ211374/Unknown/cattle/2007/O,Unknown,cattle,2007,O,MIDDLE-EAST-SOUTH-ASIA-ME-SA
OQ211373/Unknown/goat/2007/O,Unknown,goat,2007,O,MIDDLE-EAST-SOUTH-ASIA-ME-SA
OQ211372/Unknown/goat/2007/O,Unknown,goat,2007,O,MIDDLE-EAST-SOUTH-ASIA-ME-SA
OQ211371/Unknown/goat/2007/O,Unknown,goat,2007,O,MIDDLE-EAST-SOUTH-ASIA-ME-SA
OQ211370/Unknown/cattle/2007/O,Unknown,cattle,2007,O,MIDDLE-EAST-SOUTH-ASIA-ME-SA
OQ211369/Unknown/cattle/2007/O,Unknown,cattle,2007,O,MIDDLE-EAST-SOUTH-ASIA-ME-SA
OQ211367/Unknown/sheep/2007/O,Unknown,sheep,2007,O,MIDDLE-EAST-SOUTH-ASIA-ME-SA
OQ211366/Unknown/sheep/2007/O,Unknown,sheep,2007,O,MIDDLE-EAST-SOUTH-ASIA-ME-SA
OQ211365/Unknown/sheep/2007/O,Unknown,sheep,2007,O,MIDDLE-EAST-SOUTH-ASIA-ME-SA
OQ211364/Unknown/sheep/2007/O,Unknown,sheep,2007,O,MIDDLE-EAST-SOUTH-ASIA-ME-SA
OQ211363/Unknown/sheep/2007/O,Unknown,sheep,2007,O,MIDDLE-EAST-SOUTH-ASIA-ME-SA
OQ211362/Unknown/sheep/2007/O,Unknown,sheep,2007,O,MIDDLE-EAST-SOUTH-ASIA-ME-SA
OQ211361/Unknown/sheep/2007/O,Unknown,sheep,2007,O,MIDDLE-EAST-SOUTH-ASIA-ME-SA
OQ211360/Unknown/cattle/2007/O,Unknown,cattle,2007,O,MIDDLE-EAST-SOUTH-ASIA-ME-SA
OQ211359/Unknown/cattle/2007/O,Unknown,cattle,2007,O,MIDDLE-EAST-SOUTH-ASIA-ME-SA
OQ211358/Unknown/cattle/2007/O,Unknown,cattle,2007,O,MIDDLE-EAST-SOUTH-ASIA-ME-SA
OQ211357/Unknown/cattle/2007/O,Unknown,cattle,2007,O,MIDDLE-EAST-SOUTH-ASIA-ME-SA
OQ211356/Unknown/cattle/2007/O,Unknown,cattle,2007,O,MIDDLE-EAST-SOUTH-ASIA-ME-SA
OQ211355/Unknown/cattle/2007/O,Unknown,cattle,2007,O,MIDDLE-EAST-SOUTH-ASIA-ME-SA
OQ211354/Unknown/cattle/2007/O,Unknown,cattle,2007,O,MIDDLE-EAST-SOUTH-ASIA-ME-SA
OQ211353/Unknown/sheep/2007/O,Unknown,sheep,2007,O,MIDDLE-EAST-SOUTH-ASIA-ME-SA
OQ211352/Unknown/cattle/2007/O,Unknown,cattle,2007,O,MIDDLE-EAST-SOUTH-ASIA-ME-SA
OQ211351/Unknown/goat/2007/O,Unknown,goat,2007,O,MIDDLE-EAST-SOUTH-ASIA-ME-SA
OQ211350/Unknown/cattle/2007/O,Unknown,cattle,2007,O,MIDDLE-EAST-SOUTH-ASIA-ME-SA
OQ211349/Unknown/sheep/2007/O,Unknown,sheep,2007,O,MIDDLE-EAST-SOUTH-ASIA-ME-SA
OQ557397/ETH/cow/2022/SAT2,ETH,cow,2022,SAT2,XIV
OQ557396/ETH/cattle/1991/SAT2,ETH,cattle,1991,SAT2,XIV
OQ457195/NER/cattle/2020/O,NER,cattle,2020,O,EAST-AFRICA-3-EA-3
OQ457194/NER/cattle/2020/O,NER,cattle,2020,O,EAST-AFRICA-3-EA-3
OQ457193/NER/cattle/2020/O,NER,cattle,2020,O,EAST-AFRICA-3-EA-3
OQ457192/NER/cattle/2020/O,NER,cattle,2020,O,EAST-AFRICA-3-EA-3
OQ457191/NER/cattle/2020/O,NER,cattle,2020,O,EAST-AFRICA-3-EA-3
OQ457189/NER/cattle/2020/O,NER,cattle,2020,O,EAST-AFRICA-3-EA-3
OQ457188/NER/cattle/2020/O,NER,cattle,2020,O,EAST-AFRICA-3-EA-3
OQ457186/NER/cattle/2020/O,NER,cattle,2020,O,EAST-AFRICA-3-EA-3
OQ457185/NER/cattle/2020/O,NER,cattle,2020,O,EAST-AFRICA-3-EA-3
OQ457184/NER/cattle/2020/O,NER,cattle,2020,O,EAST-AFRICA-3-EA-3
OQ745961/THA/cattle/2016/A,THA,cattle,2016,A,ASIA
OQ401874/NER/cattle/2020/SAT2,NER,cattle,2020,SAT2,VII
OQ401873/NER/cattle/2020/SAT2,NER,cattle,2020,SAT2,VII
OQ401872/NER/cattle/2020/SAT2,NER,cattle,2020,SAT2,VII
OQ401871/NER/cattle/2020/SAT2,NER,cattle,2020,SAT2,VII
OQ401869/NER/cattle/2020/SAT2,NER,cattle,2020,SAT2,VII
OQ401868/NER/cattle/2020/SAT2,NER,cattle,2020,SAT2,VII
OQ401867/NER/cattle/2020/SAT2,NER,cattle,2020,SAT2,VII
OQ401866/NER/cattle/2020/SAT2,NER,cattle,2020,SAT2,VII
OQ401865/NER/cattle/2020/SAT2,NER,cattle,2020,SAT2,VII
LC771233/IRQ/water-buffalo/2023/A,IRQ,water-buffalo,2023,A,AFRICA
LC770123/IRQ/cattle/2023/SAT1,IRQ,cattle,2023,SAT1,VII-EAST-AFRICA-2-EA-2
OP957418/BGD/cattle/2021/O,BGD,cattle,2021,O,MIDDLE-EAST-SOUTH-ASIA-ME-SA
ON868623/VNM/pig/2017/O,VNM,pig,2017,O,CATHAY
ON868622/VNM/pig/2017/O,VNM,pig,2017,O,CATHAY
ON868621/VNM/cow/2017/A,VNM,cow,2017,A,ASIA
ON868620/VNM/pig/2019/O,VNM,pig,2019,O,III-NORTHWEST-ZIMBABWE-NWZ
ON868619/VNM/pig/2019/O,VNM,pig,2019,O,III-NORTHWEST-ZIMBABWE-NWZ
ON868618/VNM/pig/2019/O,VNM,pig,2019,O,III-NORTHWEST-ZIMBABWE-NWZ
ON868617/VNM/pig/2019/O,VNM,pig,2019,O,III-NORTHWEST-ZIMBABWE-NWZ
ON868616/VNM/pig/2018/O,VNM,pig,2018,O,III-NORTHWEST-ZIMBABWE-NWZ
ON868615/VNM/pig/2018/O,VNM,pig,2018,O,III-NORTHWEST-ZIMBABWE-NWZ
ON868614/VNM/pig/2019/O,VNM,pig,2019,O,III-NORTHWEST-ZIMBABWE-NWZ
ON868613/VNM/pig/2019/O,VNM,pig,2019,O,III-NORTHWEST-ZIMBABWE-NWZ
ON868612/VNM/pig/2019/O,VNM,pig,2019,O,III-NORTHWEST-ZIMBABWE-NWZ
ON868611/VNM/pig/2018/O,VNM,pig,2018,O,III-NORTHWEST-ZIMBABWE-NWZ
ON868610/VNM/pig/2019/O,VNM,pig,2019,O,III-NORTHWEST-ZIMBABWE-NWZ
ON868609/VNM/pig/2019/O,VNM,pig,2019,O,III-NORTHWEST-ZIMBABWE-NWZ
ON868608/VNM/pig/2019/O,VNM,pig,2019,O,III-NORTHWEST-ZIMBABWE-NWZ
ON868607/VNM/pig/2019/O,VNM,pig,2019,O,III-NORTHWEST-ZIMBABWE-NWZ
ON868606/VNM/pig/2019/O,VNM,pig,2019,O,III-NORTHWEST-ZIMBABWE-NWZ
ON868605/VNM/pig/2019/O,VNM,pig,2019,O,III-NORTHWEST-ZIMBABWE-NWZ
ON868604/VNM/pig/2018/O,VNM,pig,2018,O,III-NORTHWEST-ZIMBABWE-NWZ
ON868603/VNM/pig/2018/O,VNM,pig,2018,O,III-NORTHWEST-ZIMBABWE-NWZ
ON868602/VNM/pig/2019/O,VNM,pig,2019,O,III-NORTHWEST-ZIMBABWE-NWZ
ON868601/VNM/pig/2018/O,VNM,pig,2018,O,III-NORTHWEST-ZIMBABWE-NWZ
ON868600/VNM/pig/2018/O,VNM,pig,2018,O,III-NORTHWEST-ZIMBABWE-NWZ
ON868599/VNM/pig/2019/O,VNM,pig,2019,O,III-NORTHWEST-ZIMBABWE-NWZ
ON868598/VNM/pig/2018/O,VNM,pig,2018,O,III-NORTHWEST-ZIMBABWE-NWZ
ON868597/VNM/pig/2019/O,VNM,pig,2019,O,III-NORTHWEST-ZIMBABWE-NWZ
ON868596/VNM/pig/2018/O,VNM,pig,2018,O,III-NORTHWEST-ZIMBABWE-NWZ
ON868595/VNM/pig/2018/O,VNM,pig,2018,O,III-NORTHWEST-ZIMBABWE-NWZ
ON868594/VNM/pig/2019/O,VNM,pig,2019,O,III-NORTHWEST-ZIMBABWE-NWZ
ON868593/VNM/pig/2018/O,VNM,pig,2018,O,III-NORTHWEST-ZIMBABWE-NWZ
ON868592/VNM/pig/2018/O,VNM,pig,2018,O,III-NORTHWEST-ZIMBABWE-NWZ
ON868591/VNM/pig/2019/O,VNM,pig,2019,O,III-NORTHWEST-ZIMBABWE-NWZ
ON868590/VNM/pig/2019/O,VNM,pig,2019,O,III-NORTHWEST-ZIMBABWE-NWZ
ON868589/VNM/pig/2019/O,VNM,pig,2019,O,III-NORTHWEST-ZIMBABWE-NWZ
ON868588/VNM/water-buffalo/2018/O,VNM,water-buffalo,2018,O,MIDDLE-EAST-SOUTH-ASIA-ME-SA
ON868587/VNM/cow/2017/O,VNM,cow,2017,O,MIDDLE-EAST-SOUTH-ASIA-ME-SA
ON868586/VNM/cow/2017/O,VNM,cow,2017,O,MIDDLE-EAST-SOUTH-ASIA-ME-SA
ON868585/VNM/Unknown/2018/O,VNM,Unknown,2018,O,MIDDLE-EAST-SOUTH-ASIA-ME-SA
ON868584/VNM/cow/2017/O,VNM,cow,2017,O,MIDDLE-EAST-SOUTH-ASIA-ME-SA
ON868583/VNM/Unknown/2018/O,VNM,Unknown,2018,O,MIDDLE-EAST-SOUTH-ASIA-ME-SA
ON868582/VNM/cow/2018/O,VNM,cow,2018,O,MIDDLE-EAST-SOUTH-ASIA-ME-SA
ON868581/VNM/cow/2018/O,VNM,cow,2018,O,MIDDLE-EAST-SOUTH-ASIA-ME-SA
ON868580/VNM/cow/2017/O,VNM,cow,2017,O,MIDDLE-EAST-SOUTH-ASIA-ME-SA
ON868579/VNM/cow/2017/O,VNM,cow,2017,O,MIDDLE-EAST-SOUTH-ASIA-ME-SA
ON868578/VNM/cow/2019/O,VNM,cow,2019,O,MIDDLE-EAST-SOUTH-ASIA-ME-SA
ON868577/VNM/Unknown/2018/O,VNM,Unknown,2018,O,MIDDLE-EAST-SOUTH-ASIA-ME-SA
ON868576/VNM/Unknown/2018/O,VNM,Unknown,2018,O,MIDDLE-EAST-SOUTH-ASIA-ME-SA
ON868575/VNM/Unknown/2018/O,VNM,Unknown,2018,O,MIDDLE-EAST-SOUTH-ASIA-ME-SA
ON868574/VNM/cow/2018/O,VNM,cow,2018,O,MIDDLE-EAST-SOUTH-ASIA-ME-SA
ON868573/VNM/Unknown/2019/O,VNM,Unknown,2019,O,MIDDLE-EAST-SOUTH-ASIA-ME-SA
ON868572/VNM/cow/2019/O,VNM,cow,2019,O,MIDDLE-EAST-SOUTH-ASIA-ME-SA
ON868571/VNM/cow/2018/O,VNM,cow,2018,O,MIDDLE-EAST-SOUTH-ASIA-ME-SA
ON868570/VNM/Unknown/2019/O,VNM,Unknown,2019,O,MIDDLE-EAST-SOUTH-ASIA-ME-SA
ON868569/VNM/water-buffalo/2018/O,VNM,water-buffalo,2018,O,MIDDLE-EAST-SOUTH-ASIA-ME-SA
ON868568/VNM/cow/2018/O,VNM,cow,2018,O,MIDDLE-EAST-SOUTH-ASIA-ME-SA
ON868567/VNM/water-buffalo/2018/O,VNM,water-buffalo,2018,O,MIDDLE-EAST-SOUTH-ASIA-ME-SA
ON868566/VNM/cow/2018/O,VNM,cow,2018,O,MIDDLE-EAST-SOUTH-ASIA-ME-SA
ON868565/VNM/cow/2019/O,VNM,cow,2019,O,MIDDLE-EAST-SOUTH-ASIA-ME-SA
ON868564/VNM/cow/2018/O,VNM,cow,2018,O,MIDDLE-EAST-SOUTH-ASIA-ME-SA
ON868563/VNM/water-buffalo/2018/O,VNM,water-buffalo,2018,O,MIDDLE-EAST-SOUTH-ASIA-ME-SA
ON868562/VNM/cow/2019/O,VNM,cow,2019,O,MIDDLE-EAST-SOUTH-ASIA-ME-SA
ON868561/VNM/cow/2019/O,VNM,cow,2019,O,MIDDLE-EAST-SOUTH-ASIA-ME-SA
ON868560/VNM/cow/2018/O,VNM,cow,2018,O,MIDDLE-EAST-SOUTH-ASIA-ME-SA
ON868559/VNM/Unknown/2018/O,VNM,Unknown,2018,O,MIDDLE-EAST-SOUTH-ASIA-ME-SA
ON868558/VNM/cow/2019/O,VNM,cow,2019,O,MIDDLE-EAST-SOUTH-ASIA-ME-SA
ON868557/VNM/water-buffalo/2018/O,VNM,water-buffalo,2018,O,MIDDLE-EAST-SOUTH-ASIA-ME-SA
ON868556/VNM/cow/2019/O,VNM,cow,2019,O,MIDDLE-EAST-SOUTH-ASIA-ME-SA
ON868555/VNM/cow/2018/O,VNM,cow,2018,O,MIDDLE-EAST-SOUTH-ASIA-ME-SA
ON868552/VNM/pig/2019/O,VNM,pig,2019,O,MIDDLE-EAST-SOUTH-ASIA-ME-SA
ON868551/VNM/cow/2018/O,VNM,cow,2018,O,MIDDLE-EAST-SOUTH-ASIA-ME-SA
ON868550/VNM/Unknown/2018/O,VNM,Unknown,2018,O,MIDDLE-EAST-SOUTH-ASIA-ME-SA
ON868549/VNM/cow/2018/O,VNM,cow,2018,O,MIDDLE-EAST-SOUTH-ASIA-ME-SA
ON868548/VNM/cow/2018/O,VNM,cow,2018,O,MIDDLE-EAST-SOUTH-ASIA-ME-SA
ON868547/VNM/cow/2018/O,VNM,cow,2018,O,MIDDLE-EAST-SOUTH-ASIA-ME-SA
ON868546/VNM/Unknown/2018/O,VNM,Unknown,2018,O,MIDDLE-EAST-SOUTH-ASIA-ME-SA
ON868545/VNM/cow/2018/O,VNM,cow,2018,O,MIDDLE-EAST-SOUTH-ASIA-ME-SA
ON868544/VNM/Unknown/2018/O,VNM,Unknown,2018,O,MIDDLE-EAST-SOUTH-ASIA-ME-SA
ON868543/VNM/Unknown/2018/O,VNM,Unknown,2018,O,MIDDLE-EAST-SOUTH-ASIA-ME-SA
ON868542/VNM/pig/2018/O,VNM,pig,2018,O,MIDDLE-EAST-SOUTH-ASIA-ME-SA
ON868541/VNM/Unknown/2018/O,VNM,Unknown,2018,O,MIDDLE-EAST-SOUTH-ASIA-ME-SA
ON868540/VNM/water-buffalo/2018/O,VNM,water-buffalo,2018,O,MIDDLE-EAST-SOUTH-ASIA-ME-SA
ON868539/VNM/cow/2018/O,VNM,cow,2018,O,MIDDLE-EAST-SOUTH-ASIA-ME-SA
ON868538/VNM/cow/2018/O,VNM,cow,2018,O,MIDDLE-EAST-SOUTH-ASIA-ME-SA
ON868537/VNM/Unknown/2018/O,VNM,Unknown,2018,O,MIDDLE-EAST-SOUTH-ASIA-ME-SA
ON868536/VNM/cow/2018/O,VNM,cow,2018,O,MIDDLE-EAST-SOUTH-ASIA-ME-SA
ON868535/VNM/Unknown/2018/O,VNM,Unknown,2018,O,MIDDLE-EAST-SOUTH-ASIA-ME-SA
ON868534/VNM/Unknown/2018/O,VNM,Unknown,2018,O,MIDDLE-EAST-SOUTH-ASIA-ME-SA
ON868533/VNM/Unknown/2018/O,VNM,Unknown,2018,O,MIDDLE-EAST-SOUTH-ASIA-ME-SA
ON868532/VNM/Unknown/2018/O,VNM,Unknown,2018,O,MIDDLE-EAST-SOUTH-ASIA-ME-SA
ON868531/VNM/Unknown/2018/O,VNM,Unknown,2018,O,MIDDLE-EAST-SOUTH-ASIA-ME-SA
ON868530/VNM/Unknown/2018/O,VNM,Unknown,2018,O,MIDDLE-EAST-SOUTH-ASIA-ME-SA
ON868529/VNM/cow/2018/O,VNM,cow,2018,O,MIDDLE-EAST-SOUTH-ASIA-ME-SA
ON868528/VNM/pig/2018/O,VNM,pig,2018,O,MIDDLE-EAST-SOUTH-ASIA-ME-SA
ON868527/VNM/cow/2018/O,VNM,cow,2018,O,MIDDLE-EAST-SOUTH-ASIA-ME-SA
ON868526/VNM/cow/2018/O,VNM,cow,2018,O,MIDDLE-EAST-SOUTH-ASIA-ME-SA
ON868525/VNM/water-buffalo/2018/O,VNM,water-buffalo,2018,O,MIDDLE-EAST-SOUTH-ASIA-ME-SA
ON868524/VNM/cow/2018/O,VNM,cow,2018,O,MIDDLE-EAST-SOUTH-ASIA-ME-SA
ON868523/VNM/cow/2017/O,VNM,cow,2017,O,MIDDLE-EAST-SOUTH-ASIA-ME-SA
ON868522/VNM/cow/2017/O,VNM,cow,2017,O,MIDDLE-EAST-SOUTH-ASIA-ME-SA
ON868521/VNM/pig/2018/O,VNM,pig,2018,O,MIDDLE-EAST-SOUTH-ASIA-ME-SA
ON868520/VNM/cow/2017/O,VNM,cow,2017,O,MIDDLE-EAST-SOUTH-ASIA-ME-SA
ON868519/VNM/cow/2017/O,VNM,cow,2017,O,MIDDLE-EAST-SOUTH-ASIA-ME-SA
ON557390/ZMB/cow/2015/SAT3,ZMB,cow,2015,SAT3,I-SOUTHEAST-ZIMBABWE-SEZ
OP751924/IDN/cattle/2022/O,IDN,cattle,2022,O,MIDDLE-EAST-SOUTH-ASIA-ME-SA
ON784047/UGA/cow/2015/O,UGA,cow,2015,O,EAST-AFRICA-2-EA-2
ON784046/UGA/cow/2015/O,UGA,cow,2015,O,EAST-AFRICA-2-EA-2
ON784045/UGA/cow/2015/O,UGA,cow,2015,O,EAST-AFRICA-2-EA-2
ON736860/UGA/cow/2015/O,UGA,cow,2015,O,EAST-AFRICA-2-EA-2
OM863583/KEN/cattle/2013/SAT1,KEN,cattle,2013,SAT1,I-NORTHWEST-ZIMBABWE-NWZ
OM863582/KEN/cattle/2010/SAT1,KEN,cattle,2010,SAT1,I-NORTHWEST-ZIMBABWE-NWZ
OM863581/KEN/cattle/2012/A,KEN,cattle,2012,A,AFRICA
OM863580/EGY/cattle/2012/A,EGY,cattle,2012,A,AFRICA
LC729872/THA/pig/2016/O,THA,pig,2016,O,MIDDLE-EAST-SOUTH-ASIA-ME-SA
LC729871/THA/cow/2016/O,THA,cow,2016,O,MIDDLE-EAST-SOUTH-ASIA-ME-SA
LC729870/THA/cow/2016/O,THA,cow,2016,O,MIDDLE-EAST-SOUTH-ASIA-ME-SA
OP585403/IDN/cattle/2022/O,IDN,cattle,2022,O,MIDDLE-EAST-SOUTH-ASIA-ME-SA
OM160625/DZA/sheep/2015/O,DZA,sheep,2015,O,MIDDLE-EAST-SOUTH-ASIA-ME-SA
OM160624/DZA/cattle/2014/O,DZA,cattle,2014,O,MIDDLE-EAST-SOUTH-ASIA-ME-SA
OM160623/DZA/cattle/2014/O,DZA,cattle,2014,O,MIDDLE-EAST-SOUTH-ASIA-ME-SA
OM160622/DZA/cattle/2014/O,DZA,cattle,2014,O,MIDDLE-EAST-SOUTH-ASIA-ME-SA
OM160621/DZA/cattle/2014/O,DZA,cattle,2014,O,MIDDLE-EAST-SOUTH-ASIA-ME-SA
OM160620/TUN/cattle/2014/O,TUN,cattle,2014,O,MIDDLE-EAST-SOUTH-ASIA-ME-SA
OM160619/TUN/cattle/2014/O,TUN,cattle,2014,O,MIDDLE-EAST-SOUTH-ASIA-ME-SA
OM160618/TUN/cattle/2014/O,TUN,cattle,2014,O,MIDDLE-EAST-SOUTH-ASIA-ME-SA
OM160617/TUN/cattle/2014/O,TUN,cattle,2014,O,MIDDLE-EAST-SOUTH-ASIA-ME-SA
OM160616/TUN/cattle/2014/O,TUN,cattle,2014,O,MIDDLE-EAST-SOUTH-ASIA-ME-SA
OM160615/TUN/cattle/2014/O,TUN,cattle,2014,O,MIDDLE-EAST-SOUTH-ASIA-ME-SA
OM160614/TUN/cattle/2014/O,TUN,cattle,2014,O,MIDDLE-EAST-SOUTH-ASIA-ME-SA
OM160613/TUN/cattle/2014/O,TUN,cattle,2014,O,MIDDLE-EAST-SOUTH-ASIA-ME-SA
OM160612/TUN/cattle/2014/O,TUN,cattle,2014,O,MIDDLE-EAST-SOUTH-ASIA-ME-SA
OM160611/TUN/cattle/2014/O,TUN,cattle,2014,O,MIDDLE-EAST-SOUTH-ASIA-ME-SA
OM160610/TUN/cattle/2014/O,TUN,cattle,2014,O,MIDDLE-EAST-SOUTH-ASIA-ME-SA
OK318551/VNM/cattle/2016/O,VNM,cattle,2016,O,III-NORTHWEST-ZIMBABWE-NWZ
OK318550/VNM/cattle/2017/O,VNM,cattle,2017,O,MIDDLE-EAST-SOUTH-ASIA-ME-SA
OK318549/VNM/cattle/2017/O,VNM,cattle,2017,O,MIDDLE-EAST-SOUTH-ASIA-ME-SA
OK318548/VNM/buffalo/2017/O,VNM,buffalo,2017,O,MIDDLE-EAST-SOUTH-ASIA-ME-SA
OK318547/VNM/cattle/2017/O,VNM,cattle,2017,O,MIDDLE-EAST-SOUTH-ASIA-ME-SA
OK318546/VNM/buffalo/2017/O,VNM,buffalo,2017,O,III-NORTHWEST-ZIMBABWE-NWZ
OK318545/VNM/cattle/2018/O,VNM,cattle,2018,O,MIDDLE-EAST-SOUTH-ASIA-ME-SA
OK318544/VNM/cattle/2018/O,VNM,cattle,2018,O,MIDDLE-EAST-SOUTH-ASIA-ME-SA
OK318543/VNM/pig/2019/O,VNM,pig,2019,O,III-NORTHWEST-ZIMBABWE-NWZ
OK318542/VNM/pig/2019/O,VNM,pig,2019,O,III-NORTHWEST-ZIMBABWE-NWZ
OK318541/VNM/pig/2019/O,VNM,pig,2019,O,III-NORTHWEST-ZIMBABWE-NWZ
OK318540/VNM/pig/2019/O,VNM,pig,2019,O,III-NORTHWEST-ZIMBABWE-NWZ
OK318539/VNM/pig/2019/O,VNM,pig,2019,O,III-NORTHWEST-ZIMBABWE-NWZ
OK318538/VNM/pig/2019/O,VNM,pig,2019,O,III-NORTHWEST-ZIMBABWE-NWZ
OK318537/VNM/pig/2019/O,VNM,pig,2019,O,III-NORTHWEST-ZIMBABWE-NWZ
OK318536/VNM/cattle/2018/O,VNM,cattle,2018,O,MIDDLE-EAST-SOUTH-ASIA-ME-SA
OK318535/VNM/pig/2019/O,VNM,pig,2019,O,CATHAY
OK318534/VNM/pig/2019/O,VNM,pig,2019,O,III-NORTHWEST-ZIMBABWE-NWZ
OK318533/VNM/pig/2019/O,VNM,pig,2019,O,III-NORTHWEST-ZIMBABWE-NWZ
OK318532/VNM/pig/2018/O,VNM,pig,2018,O,III-NORTHWEST-ZIMBABWE-NWZ
OK318531/VNM/pig/2018/O,VNM,pig,2018,O,III-NORTHWEST-ZIMBABWE-NWZ
OK318530/VNM/pig/2018/O,VNM,pig,2018,O,III-NORTHWEST-ZIMBABWE-NWZ
OK318529/VNM/pig/2018/O,VNM,pig,2018,O,III-NORTHWEST-ZIMBABWE-NWZ
OK318528/VNM/pig/2018/O,VNM,pig,2018,O,III-NORTHWEST-ZIMBABWE-NWZ
OK318527/VNM/pig/2018/O,VNM,pig,2018,O,III-NORTHWEST-ZIMBABWE-NWZ
OK318526/VNM/buffalo/2018/O,VNM,buffalo,2018,O,MIDDLE-EAST-SOUTH-ASIA-ME-SA
OK318525/VNM/pig/2018/O,VNM,pig,2018,O,III-NORTHWEST-ZIMBABWE-NWZ
OK318524/VNM/pig/2018/O,VNM,pig,2018,O,III-NORTHWEST-ZIMBABWE-NWZ
OK318523/VNM/pig/2018/O,VNM,pig,2018,O,MIDDLE-EAST-SOUTH-ASIA-ME-SA
OK318522/VNM/pig/2018/O,VNM,pig,2018,O,III-NORTHWEST-ZIMBABWE-NWZ
OK318521/VNM/pig/2018/O,VNM,pig,2018,O,CATHAY
OK318520/VNM/pig/2018/O,VNM,pig,2018,O,III-NORTHWEST-ZIMBABWE-NWZ
OK318519/VNM/cattle/2018/O,VNM,cattle,2018,O,MIDDLE-EAST-SOUTH-ASIA-ME-SA
OK318518/VNM/goat/2018/O,VNM,goat,2018,O,MIDDLE-EAST-SOUTH-ASIA-ME-SA
OK318517/VNM/cattle/2018/O,VNM,cattle,2018,O,MIDDLE-EAST-SOUTH-ASIA-ME-SA
OK318516/VNM/cattle/2018/O,VNM,cattle,2018,O,MIDDLE-EAST-SOUTH-ASIA-ME-SA
OK318515/VNM/pig/2018/O,VNM,pig,2018,O,CATHAY
OK318514/VNM/cattle/2018/O,VNM,cattle,2018,O,MIDDLE-EAST-SOUTH-ASIA-ME-SA
OK318513/VNM/pig/2018/O,VNM,pig,2018,O,CATHAY
OK318512/VNM/pig/2018/O,VNM,pig,2018,O,III-NORTHWEST-ZIMBABWE-NWZ
OK318511/VNM/pig/2018/O,VNM,pig,2018,O,III-NORTHWEST-ZIMBABWE-NWZ
OK318510/VNM/cattle/2019/A,VNM,cattle,2019,A,ASIA
OK318509/VNM/cattle/2019/A,VNM,cattle,2019,A,ASIA
OK318508/VNM/cattle/2019/A,VNM,cattle,2019,A,ASIA
OK318507/VNM/cattle/2019/A,VNM,cattle,2019,A,ASIA
OK318506/VNM/cattle/2019/A,VNM,cattle,2019,A,ASIA
OK318505/VNM/cattle/2019/A,VNM,cattle,2019,A,ASIA
OK318504/VNM/cattle/2019/A,VNM,cattle,2019,A,ASIA
OK318503/VNM/cattle/2019/A,VNM,cattle,2019,A,ASIA
OK318502/VNM/cattle/2019/A,VNM,cattle,2019,A,ASIA
OK318501/VNM/cattle/2019/A,VNM,cattle,2019,A,ASIA
OK318500/VNM/cattle/2017/A,VNM,cattle,2017,A,ASIA
OK318499/VNM/cattle/2016/A,VNM,cattle,2016,A,ASIA
OK205907/VNM/cattle/2014/A,VNM,cattle,2014,A,ASIA
OK205906/VNM/cattle/2013/A,VNM,cattle,2013,A,ASIA
OK205905/VNM/cattle/2014/A,VNM,cattle,2014,A,ASIA
OK205904/VNM/cattle/2014/A,VNM,cattle,2014,A,ASIA
OK205903/VNM/pig/2014/A,VNM,pig,2014,A,ASIA
OK205902/VNM/cattle/2014/A,VNM,cattle,2014,A,ASIA
OK205901/VNM/buffalo/2014/A,VNM,buffalo,2014,A,ASIA
OK205900/VNM/cattle/2015/A,VNM,cattle,2015,A,ASIA
OK205899/VNM/cattle/2015/A,VNM,cattle,2015,A,ASIA
OK205898/VNM/cattle/2013/A,VNM,cattle,2013,A,ASIA
OK205897/VNM/pig/2015/A,VNM,pig,2015,A,ASIA
OK205896/VNM/cattle/2014/A,VNM,cattle,2014,A,ASIA
OK205895/VNM/cattle/2014/A,VNM,cattle,2014,A,ASIA
OK205894/VNM/buffalo/2014/A,VNM,buffalo,2014,A,ASIA
OK205893/VNM/cattle/2013/A,VNM,cattle,2013,A,ASIA
OM456150/PAK/buffalo/2010/O,PAK,buffalo,2010,O,MIDDLE-EAST-SOUTH-ASIA-ME-SA
OM456149/PAK/cattle/2012/O,PAK,cattle,2012,O,MIDDLE-EAST-SOUTH-ASIA-ME-SA
OM456148/PAK/buffalo/2012/O,PAK,buffalo,2012,O,MIDDLE-EAST-SOUTH-ASIA-ME-SA
OM456147/PAK/cattle/2011/O,PAK,cattle,2011,O,MIDDLE-EAST-SOUTH-ASIA-ME-SA
OM456146/PAK/cattle/2010/O,PAK,cattle,2010,O,MIDDLE-EAST-SOUTH-ASIA-ME-SA
OM456145/PAK/buffalo/2010/O,PAK,buffalo,2010,O,MIDDLE-EAST-SOUTH-ASIA-ME-SA
OM456144/PAK/cattle/2010/O,PAK,cattle,2010,O,MIDDLE-EAST-SOUTH-ASIA-ME-SA
OM456143/PAK/buffalo/2012/O,PAK,buffalo,2012,O,MIDDLE-EAST-SOUTH-ASIA-ME-SA
OM456142/PAK/buffalo/2011/O,PAK,buffalo,2011,O,MIDDLE-EAST-SOUTH-ASIA-ME-SA
OM456141/PAK/buffalo/2011/O,PAK,buffalo,2011,O,MIDDLE-EAST-SOUTH-ASIA-ME-SA
OM456140/PAK/buffalo/2011/O,PAK,buffalo,2011,O,MIDDLE-EAST-SOUTH-ASIA-ME-SA
OM456139/PAK/buffalo/2011/O,PAK,buffalo,2011,O,MIDDLE-EAST-SOUTH-ASIA-ME-SA
OM456138/PAK/buffalo/2009/O,PAK,buffalo,2009,O,MIDDLE-EAST-SOUTH-ASIA-ME-SA
OM456137/PAK/cattle/2012/O,PAK,cattle,2012,O,MIDDLE-EAST-SOUTH-ASIA-ME-SA
OM456136/PAK/buffalo/2012/O,PAK,buffalo,2012,O,MIDDLE-EAST-SOUTH-ASIA-ME-SA
OM456135/PAK/cattle/2012/O,PAK,cattle,2012,O,MIDDLE-EAST-SOUTH-ASIA-ME-SA
OM456134/PAK/cattle/2012/O,PAK,cattle,2012,O,MIDDLE-EAST-SOUTH-ASIA-ME-SA
OM456133/PAK/cattle/2012/O,PAK,cattle,2012,O,MIDDLE-EAST-SOUTH-ASIA-ME-SA
OM456132/PAK/buffalo/2012/O,PAK,buffalo,2012,O,MIDDLE-EAST-SOUTH-ASIA-ME-SA
OM456131/PAK/buffalo/2012/O,PAK,buffalo,2012,O,MIDDLE-EAST-SOUTH-ASIA-ME-SA
OM456130/PAK/buffalo/2012/O,PAK,buffalo,2012,O,MIDDLE-EAST-SOUTH-ASIA-ME-SA
OM456129/PAK/buffalo/2012/O,PAK,buffalo,2012,O,MIDDLE-EAST-SOUTH-ASIA-ME-SA
OM456128/PAK/buffalo/2012/O,PAK,buffalo,2012,O,MIDDLE-EAST-SOUTH-ASIA-ME-SA
OM455484/PAK/buffalo/2012/A,PAK,buffalo,2012,A,ASIA
OM455483/PAK/cattle/2012/A,PAK,cattle,2012,A,ASIA
OM455482/PAK/cattle/2009/A,PAK,cattle,2009,A,ASIA
OM455481/PAK/buffalo/2012/A,PAK,buffalo,2012,A,ASIA
OM455480/PAK/cattle/2008/A,PAK,cattle,2008,A,ASIA
OM455479/PAK/cattle/2012/A,PAK,cattle,2012,A,ASIA
OM455478/PAK/buffalo/2012/A,PAK,buffalo,2012,A,ASIA
OM455477/PAK/buffalo/2012/A,PAK,buffalo,2012,A,ASIA
OM455476/PAK/buffalo/2012/A,PAK,buffalo,2012,A,ASIA
OM455475/PAK/buffalo/2012/A,PAK,buffalo,2012,A,ASIA
OM455474/PAK/buffalo/2012/A,PAK,buffalo,2012,A,ASIA
OM455473/PAK/buffalo/2012/A,PAK,buffalo,2012,A,ASIA
OM455472/PAK/buffalo/2012/A,PAK,buffalo,2012,A,ASIA
OM455471/PAK/buffalo/2012/A,PAK,buffalo,2012,A,ASIA
OM455470/PAK/buffalo/2012/A,PAK,buffalo,2012,A,ASIA
OM455469/PAK/buffalo/2012/A,PAK,buffalo,2012,A,ASIA
OM455468/PAK/buffalo/2012/A,PAK,buffalo,2012,A,ASIA
OM455467/PAK/buffalo/2012/A,PAK,buffalo,2012,A,ASIA
OM455466/PAK/buffalo/2012/A,PAK,buffalo,2012,A,ASIA
OM455465/PAK/buffalo/2012/A,PAK,buffalo,2012,A,ASIA
OM471680/PAK/buffalo/2012/Asia1,PAK,buffalo,2012,Asia1,ASIA
OM471679/PAK/cattle/2012/Asia1,PAK,cattle,2012,Asia1,ASIA
OM471678/PAK/cattle/2012/Asia1,PAK,cattle,2012,Asia1,ASIA
OM471677/PAK/buffalo/2012/Asia1,PAK,buffalo,2012,Asia1,ASIA
OM471676/PAK/cattle/2011/Asia1,PAK,cattle,2011,Asia1,ASIA
OM471675/PAK/cattle/2011/Asia1,PAK,cattle,2011,Asia1,ASIA
OM471674/PAK/cattle/2011/Asia1,PAK,cattle,2011,Asia1,ASIA
OM471673/PAK/cattle/2012/Asia1,PAK,cattle,2012,Asia1,ASIA
OM471672/PAK/cattle/2012/Asia1,PAK,cattle,2012,Asia1,ASIA
OM471671/PAK/cattle/2012/Asia1,PAK,cattle,2012,Asia1,ASIA
OM471670/PAK/buffalo/2012/Asia1,PAK,buffalo,2012,Asia1,ASIA
OM471669/PAK/cattle/2012/Asia1,PAK,cattle,2012,Asia1,ASIA
OM471668/PAK/cattle/2012/Asia1,PAK,cattle,2012,Asia1,ASIA
OM471667/PAK/buffalo/2011/Asia1,PAK,buffalo,2011,Asia1,ASIA
OM471666/PAK/buffalo/2011/Asia1,PAK,buffalo,2011,Asia1,ASIA
OM471665/PAK/buffalo/2011/Asia1,PAK,buffalo,2011,Asia1,ASIA
OM471664/PAK/buffalo/2011/Asia1,PAK,buffalo,2011,Asia1,ASIA
OM471663/PAK/cattle/2012/Asia1,PAK,cattle,2012,Asia1,ASIA
OM471662/PAK/cattle/2012/Asia1,PAK,cattle,2012,Asia1,ASIA
OM471661/PAK/cattle/2012/Asia1,PAK,cattle,2012,Asia1,ASIA
OM471660/PAK/buffalo/2012/Asia1,PAK,buffalo,2012,Asia1,ASIA
OM471659/PAK/cattle/2012/Asia1,PAK,cattle,2012,Asia1,ASIA
OM471658/PAK/buffalo/2012/Asia1,PAK,buffalo,2012,Asia1,ASIA
OM471657/PAK/buffalo/2012/Asia1,PAK,buffalo,2012,Asia1,ASIA
OM471656/PAK/buffalo/2012/Asia1,PAK,buffalo,2012,Asia1,ASIA
OM471655/PAK/buffalo/2012/Asia1,PAK,buffalo,2012,Asia1,ASIA
OM471654/PAK/buffalo/2012/Asia1,PAK,buffalo,2012,Asia1,ASIA
OM471653/PAK/buffalo/2012/Asia1,PAK,buffalo,2012,Asia1,ASIA
OM471652/PAK/buffalo/2012/Asia1,PAK,buffalo,2012,Asia1,ASIA
OM471651/PAK/buffalo/2012/Asia1,PAK,buffalo,2012,Asia1,ASIA
OM471650/PAK/buffalo/2012/Asia1,PAK,buffalo,2012,Asia1,ASIA
OM471649/PAK/buffalo/2012/Asia1,PAK,buffalo,2012,Asia1,ASIA
OM471648/PAK/buffalo/2012/Asia1,PAK,buffalo,2012,Asia1,ASIA
OM471647/PAK/buffalo/2012/Asia1,PAK,buffalo,2012,Asia1,ASIA
OM471646/PAK/buffalo/2012/Asia1,PAK,buffalo,2012,Asia1,ASIA
OM471645/PAK/buffalo/2012/Asia1,PAK,buffalo,2012,Asia1,ASIA
OM471644/PAK/buffalo/2012/Asia1,PAK,buffalo,2012,Asia1,ASIA
OM471643/PAK/buffalo/2012/Asia1,PAK,buffalo,2012,Asia1,ASIA
OM471642/PAK/buffalo/2012/Asia1,PAK,buffalo,2012,Asia1,ASIA
OM471641/PAK/buffalo/2012/Asia1,PAK,buffalo,2012,Asia1,ASIA
OM471640/PAK/buffalo/2012/Asia1,PAK,buffalo,2012,Asia1,ASIA
OM471639/PAK/buffalo/2012/Asia1,PAK,buffalo,2012,Asia1,ASIA
OM471638/PAK/buffalo/2012/Asia1,PAK,buffalo,2012,Asia1,ASIA
OM471637/PAK/buffalo/2012/Asia1,PAK,buffalo,2012,Asia1,ASIA
OM471636/PAK/buffalo/2012/Asia1,PAK,buffalo,2012,Asia1,ASIA
OM471635/PAK/buffalo/2012/Asia1,PAK,buffalo,2012,Asia1,ASIA
OM471634/PAK/buffalo/2012/Asia1,PAK,buffalo,2012,Asia1,ASIA
OM471633/PAK/buffalo/2012/Asia1,PAK,buffalo,2012,Asia1,ASIA
OM471632/PAK/buffalo/2012/Asia1,PAK,buffalo,2012,Asia1,ASIA
OM471631/PAK/buffalo/2012/Asia1,PAK,buffalo,2012,Asia1,ASIA
OM471630/PAK/buffalo/2012/Asia1,PAK,buffalo,2012,Asia1,ASIA
OM471629/PAK/buffalo/2012/Asia1,PAK,buffalo,2012,Asia1,ASIA
OM471628/PAK/buffalo/2012/Asia1,PAK,buffalo,2012,Asia1,ASIA
OM471627/PAK/buffalo/2012/Asia1,PAK,buffalo,2012,Asia1,ASIA
OM471626/PAK/buffalo/2012/Asia1,PAK,buffalo,2012,Asia1,ASIA
OM471625/PAK/buffalo/2012/Asia1,PAK,buffalo,2012,Asia1,ASIA
OM471624/PAK/buffalo/2012/Asia1,PAK,buffalo,2012,Asia1,ASIA
OM471623/PAK/buffalo/2012/Asia1,PAK,buffalo,2012,Asia1,ASIA
OM471622/PAK/buffalo/2012/Asia1,PAK,buffalo,2012,Asia1,ASIA
OM471621/PAK/buffalo/2012/Asia1,PAK,buffalo,2012,Asia1,ASIA
OM471620/PAK/buffalo/2012/Asia1,PAK,buffalo,2012,Asia1,ASIA
OM471619/PAK/buffalo/2012/Asia1,PAK,buffalo,2012,Asia1,ASIA
OM471618/PAK/buffalo/2012/Asia1,PAK,buffalo,2012,Asia1,ASIA
OM471617/PAK/buffalo/2012/Asia1,PAK,buffalo,2012,Asia1,ASIA
OM471616/PAK/buffalo/2012/Asia1,PAK,buffalo,2012,Asia1,ASIA
OM471615/PAK/buffalo/2012/Asia1,PAK,buffalo,2012,Asia1,ASIA
OM471614/PAK/buffalo/2012/Asia1,PAK,buffalo,2012,Asia1,ASIA
OM471613/PAK/buffalo/2012/Asia1,PAK,buffalo,2012,Asia1,ASIA
OM471612/PAK/buffalo/2012/Asia1,PAK,buffalo,2012,Asia1,ASIA
OM471611/PAK/buffalo/2012/Asia1,PAK,buffalo,2012,Asia1,ASIA
OM471610/PAK/buffalo/2011/Asia1,PAK,buffalo,2011,Asia1,ASIA
OM022649/NER/cattle/2017/O,NER,cattle,2017,O,EAST-AFRICA-3-EA-3
OM022648/NER/cattle/2017/O,NER,cattle,2017,O,EAST-AFRICA-3-EA-3
OM022646/NER/cattle/2017/O,NER,cattle,2017,O,EAST-AFRICA-3-EA-3
OM022644/NER/cattle/2017/O,NER,cattle,2017,O,EAST-AFRICA-3-EA-3
OM022643/NER/cattle/2017/O,NER,cattle,2017,O,EAST-AFRICA-3-EA-3
OM022642/NER/cattle/2018/O,NER,cattle,2018,O,EAST-AFRICA-3-EA-3
OK019689/IRN/cow/2016/O,IRN,cow,2016,O,MIDDLE-EAST-SOUTH-ASIA-ME-SA
MG334583/IRQ/cow/2009/A,IRQ,cow,2009,A,ASIA
MW355679/ZWE/african-buffalo/1990/SAT3,ZWE,african-buffalo,1990,SAT3,I-SOUTHEAST-ZIMBABWE-SEZ
MW355678/ZMB/african-buffalo/1996/SAT3,ZMB,african-buffalo,1996,SAT3,III-NORTHWEST-ZIMBABWE-NWZ
MW355677/ZAF/cattle/1979/SAT3,ZAF,cattle,1979,SAT3,I-SOUTHEAST-ZIMBABWE-SEZ
MW355676/ZWE/cattle/1976/SAT3,ZWE,cattle,1976,SAT3,I-SOUTHEAST-ZIMBABWE-SEZ
MW355674/BWA/cattle/1967/SAT3,BWA,cattle,1967,SAT3,II-WESTERN-ZIMBABWE-WZ
MW355673/ZWE/cattle/1989/SAT2,ZWE,cattle,1989,SAT2,II
MW355671/MOZ/Unknown/1970/SAT2,MOZ,Unknown,1970,SAT2,I
MW355669/ZMB/cattle/1988/SAT1,ZMB,cattle,1988,SAT1,I-NORTHWEST-ZIMBABWE-NWZ
MW355668/TZA/cattle/1980/SAT1,TZA,cattle,1980,SAT1,I-NORTHWEST-ZIMBABWE-NWZ
LC564923/THA/cow/2016/A,THA,cow,2016,A,ASIA
LC564922/THA/cow/2016/A,THA,cow,2016,A,ASIA
LC564921/THA/cow/2016/A,THA,cow,2016,A,ASIA
LC564920/THA/cow/2015/A,THA,cow,2015,A,ASIA
LC564919/THA/cow/2015/A,THA,cow,2015,A,ASIA
LC564918/THA/cow/2015/A,THA,cow,2015,A,ASIA
LC564917/THA/cow/2015/A,THA,cow,2015,A,ASIA
LC564916/THA/cow/2014/A,THA,cow,2014,A,ASIA
LC564915/THA/cow/2014/A,THA,cow,2014,A,ASIA
LC564914/THA/cow/2014/A,THA,cow,2014,A,ASIA
LC564912/THA/cow/2013/A,THA,cow,2013,A,ASIA
LC564911/THA/cow/2013/A,THA,cow,2013,A,ASIA
LC564909/THA/cow/2012/A,THA,cow,2012,A,ASIA
LC564907/THA/cow/2011/A,THA,cow,2011,A,ASIA
LC564906/THA/cow/2011/A,THA,cow,2011,A,ASIA
LC564905/THA/cow/2011/A,THA,cow,2011,A,ASIA
LC564904/THA/cow/2010/A,THA,cow,2010,A,ASIA
LC564903/THA/cow/2010/A,THA,cow,2010,A,ASIA
LC564902/THA/cow/2010/A,THA,cow,2010,A,ASIA
LC564901/THA/cow/2009/A,THA,cow,2009,A,ASIA
LC564900/THA/cow/2009/A,THA,cow,2009,A,ASIA
LC564898/THA/cow/2008/A,THA,cow,2008,A,ASIA
LC564896/THA/cow/2007/A,THA,cow,2007,A,ASIA
LC564895/THA/cow/2007/A,THA,cow,2007,A,ASIA
LC564894/THA/cow/2007/A,THA,cow,2007,A,ASIA
MW715629/NER/cow/2017/SAT2,NER,cow,2017,SAT2,VII
MW715628/NER/cow/2017/SAT2,NER,cow,2017,SAT2,VII
MW715627/NER/cow/2017/SAT2,NER,cow,2017,SAT2,VII
MW715626/NER/cow/2017/SAT2,NER,cow,2017,SAT2,VII
MW715624/NER/cow/2017/SAT2,NER,cow,2017,SAT2,VII
MW715623/NER/cow/2017/SAT2,NER,cow,2017,SAT2,VII
MW715622/NER/cow/2018/SAT2,NER,cow,2018,SAT2,VII
KY444649/THA/pig/2016/O,THA,pig,2016,O,III-NORTHWEST-ZIMBABWE-NWZ
KY444648/THA/pig/2016/O,THA,pig,2016,O,III-NORTHWEST-ZIMBABWE-NWZ
KY444647/THA/pig/2016/O,THA,pig,2016,O,III-NORTHWEST-ZIMBABWE-NWZ
KY444646/THA/pig/2016/O,THA,pig,2016,O,III-NORTHWEST-ZIMBABWE-NWZ
KY444645/THA/pig/2016/O,THA,pig,2016,O,III-NORTHWEST-ZIMBABWE-NWZ
KY444644/THA/pig/2013/O,THA,pig,2013,O,III-NORTHWEST-ZIMBABWE-NWZ
MT944983/IRN/goat/2016/O,IRN,goat,2016,O,MIDDLE-EAST-SOUTH-ASIA-ME-SA
MT944982/IRN/goat/2016/O,IRN,goat,2016,O,MIDDLE-EAST-SOUTH-ASIA-ME-SA
MT944981/IRN/dog/2016/O,IRN,dog,2016,O,MIDDLE-EAST-SOUTH-ASIA-ME-SA
MN442540/ZAF/african-buffalo/1991/SAT1,ZAF,african-buffalo,1991,SAT1,ASIA
MN442539/ZAF/african-buffalo/1991/SAT1,ZAF,african-buffalo,1991,SAT1,ASIA
MN442538/ZAF/african-buffalo/1991/SAT1,ZAF,african-buffalo,1991,SAT1,ASIA
MT602092/KEN/cattle/2017/SAT2,KEN,cattle,2017,SAT2,IV
MT602090/ETH/cattle/2015/SAT2,ETH,cattle,2015,SAT2,VII
MT602089/EGY/cattle/2018/SAT2,EGY,cattle,2018,SAT2,VII
MT602088/TZA/cattle/2014/SAT1,TZA,cattle,2014,SAT1,I-NORTHWEST-ZIMBABWE-NWZ
MT602087/TZA/cattle/2013/SAT1,TZA,cattle,2013,SAT1,I-NORTHWEST-ZIMBABWE-NWZ
MT602086/TZA/cattle/2012/SAT1,TZA,cattle,2012,SAT1,I-NORTHWEST-ZIMBABWE-NWZ
MT602085/KEN/cattle/2013/SAT1,KEN,cattle,2013,SAT1,I-NORTHWEST-ZIMBABWE-NWZ
MT602084/KEN/cattle/2018/O,KEN,cattle,2018,O,EAST-AFRICA-2-EA-2
MT602081/ETH/cattle/2015/O,ETH,cattle,2015,O,EAST-AFRICA-3-EA-3
MT602079/SDN/cattle/2018/A,SDN,cattle,2018,A,AFRICA
MT602078/ETH/cattle/2019/A,ETH,cattle,2019,A,AFRICA
MT602077/ETH/cattle/2018/A,ETH,cattle,2018,A,AFRICA
MT863268/EGY/water-buffalo/2016/A,EGY,water-buffalo,2016,A,AFRICA
KY322680/VNM/cattle/2013/A,VNM,cattle,2013,A,ASIA
KY322679/THA/cattle/2014/A,THA,cattle,2014,A,ASIA
KY322678/MYS/cattle/2013/A,MYS,cattle,2013,A,ASIA
KY322677/MYS/cattle/2013/A,MYS,cattle,2013,A,ASIA
KY322676/MYS/cattle/2013/A,MYS,cattle,2013,A,ASIA
KY322675/LAO/cattle/2014/A,LAO,cattle,2014,A,ASIA
KY322673/MYS/cattle/2014/O,MYS,cattle,2014,O,III-NORTHWEST-ZIMBABWE-NWZ
KY322672/MYS/cattle/2014/O,MYS,cattle,2014,O,III-NORTHWEST-ZIMBABWE-NWZ
KY322671/MYS/cattle/2014/O,MYS,cattle,2014,O,III-NORTHWEST-ZIMBABWE-NWZ
KY322670/LAO/cattle/2013/O,LAO,cattle,2013,O,III-NORTHWEST-ZIMBABWE-NWZ
MH791293/UGA/cattle/2017/O,UGA,cattle,2017,O,EAST-AFRICA-4-EA-4
MN983158/IND/cattle/2009/O,IND,cattle,2009,O,MIDDLE-EAST-SOUTH-ASIA-ME-SA
MN983157/IND/cattle/2009/O,IND,cattle,2009,O,MIDDLE-EAST-SOUTH-ASIA-ME-SA
MN983156/IND/cattle/2008/O,IND,cattle,2008,O,MIDDLE-EAST-SOUTH-ASIA-ME-SA
MN983155/IND/cattle/2008/O,IND,cattle,2008,O,MIDDLE-EAST-SOUTH-ASIA-ME-SA
MN983154/IND/cattle/2005/O,IND,cattle,2005,O,MIDDLE-EAST-SOUTH-ASIA-ME-SA
MN983153/IND/cattle/2001/O,IND,cattle,2001,O,MIDDLE-EAST-SOUTH-ASIA-ME-SA
MN983152/IND/cattle/1997/O,IND,cattle,1997,O,MIDDLE-EAST-SOUTH-ASIA-ME-SA
MN953620/PAK/cattle/2019/O,PAK,cattle,2019,O,MIDDLE-EAST-SOUTH-ASIA-ME-SA
MN953619/PAK/cattle/2019/O,PAK,cattle,2019,O,MIDDLE-EAST-SOUTH-ASIA-ME-SA
MN389541/CHN/pig/2010/O,CHN,pig,2010,O,III-NORTHWEST-ZIMBABWE-NWZ
MK940253/SAU/cattle/2017/A,SAU,cattle,2017,A,ASIA
MN062587/PAK/cattle/2009/A,PAK,cattle,2009,A,ASIA
MN062586/AFG/cattle/2009/A,AFG,cattle,2009,A,ASIA
MN062585/TUR/cattle/2010/O,TUR,cattle,2010,O,MIDDLE-EAST-SOUTH-ASIA-ME-SA
MN062583/PAK/cattle/2009/O,PAK,cattle,2009,O,MIDDLE-EAST-SOUTH-ASIA-ME-SA
MN062582/PAK/buffalo/2009/O,PAK,buffalo,2009,O,MIDDLE-EAST-SOUTH-ASIA-ME-SA
MN062580/IRN/cattle/2010/O,IRN,cattle,2010,O,MIDDLE-EAST-SOUTH-ASIA-ME-SA
MN062579/IRN/cattle/2010/O,IRN,cattle,2010,O,MIDDLE-EAST-SOUTH-ASIA-ME-SA
LC483874/THA/cow/2007/A,THA,cow,2007,A,ASIA
MN250318/VNM/pig/2019/O/O,VNM,pig,2019,O,CATHAY
MN250317/VNM/pig/2018/O/O,VNM,pig,2018,O,CATHAY
MN250316/VNM/pig/2018/O/O,VNM,pig,2018,O,CATHAY
MN250315/VNM/pig/2018/O/O,VNM,pig,2018,O,CATHAY
MN250314/VNM/pig/2017/O/O,VNM,pig,2017,O,CATHAY
MN275121/CMR/cow/2016/SAT1,CMR,cow,2016,SAT1,X
MN275120/CMR/cow/2016/SAT1,CMR,cow,2016,SAT1,X
MN275119/CMR/cow/2016/SAT1,CMR,cow,2016,SAT1,X
MN275118/CMR/cow/2016/SAT1,CMR,cow,2016,SAT1,X
MN116688/KEN/cow/2016/A,KEN,cow,2016,A,AFRICA
MN103523/NER/cow/2014/SAT2,NER,cow,2014,SAT2,VII
MN116694/KEN/cow/2016/O,KEN,cow,2016,O,EAST-AFRICA-2-EA-2
MN116693/KEN/cow/2014/O,KEN,cow,2014,O,EAST-AFRICA-2-EA-2
MN116692/KEN/cow/2014/SAT2,KEN,cow,2014,SAT2,IV
MN116691/KEN/cow/2016/SAT1,KEN,cow,2016,SAT1,I-NORTHWEST-ZIMBABWE-NWZ
MN116690/KEN/cow/2014/SAT1,KEN,cow,2014,SAT1,I-NORTHWEST-ZIMBABWE-NWZ
MN116689/KEN/cow/2014/SAT1,KEN,cow,2014,SAT1,I-NORTHWEST-ZIMBABWE-NWZ
MN095371/IND/cattle/2014/O,IND,cattle,2014,O,MIDDLE-EAST-SOUTH-ASIA-ME-SA
MN095370/IND/cattle/2014/O,IND,cattle,2014,O,MIDDLE-EAST-SOUTH-ASIA-ME-SA
MN095369/IND/cattle/2014/O,IND,cattle,2014,O,MIDDLE-EAST-SOUTH-ASIA-ME-SA
MN095368/IND/cattle/2014/O,IND,cattle,2014,O,MIDDLE-EAST-SOUTH-ASIA-ME-SA
MN095367/IND/cattle/2014/O,IND,cattle,2014,O,MIDDLE-EAST-SOUTH-ASIA-ME-SA
MN095366/IND/cattle/2014/O,IND,cattle,2014,O,MIDDLE-EAST-SOUTH-ASIA-ME-SA
MN095365/IND/cattle/2014/O,IND,cattle,2014,O,MIDDLE-EAST-SOUTH-ASIA-ME-SA
MN095364/IND/cattle/2014/O,IND,cattle,2014,O,MIDDLE-EAST-SOUTH-ASIA-ME-SA
MN095363/IND/cattle/2013/O,IND,cattle,2013,O,MIDDLE-EAST-SOUTH-ASIA-ME-SA
MN095362/IND/cattle/2013/O,IND,cattle,2013,O,MIDDLE-EAST-SOUTH-ASIA-ME-SA
MN095361/IND/cattle/2013/O,IND,cattle,2013,O,MIDDLE-EAST-SOUTH-ASIA-ME-SA
MN095360/IND/cattle/2013/O,IND,cattle,2013,O,MIDDLE-EAST-SOUTH-ASIA-ME-SA
MN095359/IND/cattle/2013/O,IND,cattle,2013,O,MIDDLE-EAST-SOUTH-ASIA-ME-SA
MN095358/IND/cattle/2013/O,IND,cattle,2013,O,MIDDLE-EAST-SOUTH-ASIA-ME-SA
MN095357/IND/cattle/2013/O,IND,cattle,2013,O,MIDDLE-EAST-SOUTH-ASIA-ME-SA
MN095356/IND/cattle/2013/O,IND,cattle,2013,O,MIDDLE-EAST-SOUTH-ASIA-ME-SA
MN095355/IND/cattle/2013/O,IND,cattle,2013,O,MIDDLE-EAST-SOUTH-ASIA-ME-SA
MN095354/IND/cattle/2013/O,IND,cattle,2013,O,MIDDLE-EAST-SOUTH-ASIA-ME-SA
NC_039210/GBR/Unknown/1965/O,GBR,Unknown,1965,O,EUROPE-SOUTH-AMERICA-EURO-SA-SOUTH
LC456873/GHA/cow/2018/O,GHA,cow,2018,O,EAST-AFRICA-3-EA-3
LC456871/GHA/cow/2018/O,GHA,cow,2018,O,EAST-AFRICA-3-EA-3
LC456870/GHA/cow/2018/O,GHA,cow,2018,O,EAST-AFRICA-3-EA-3
MK071699/BGD/cattle/2013/O,BGD,cattle,2013,O,MIDDLE-EAST-SOUTH-ASIA-ME-SA
LC438823/MMR/cow/2016/O,MMR,cow,2016,O,MIDDLE-EAST-SOUTH-ASIA-ME-SA
LC438822/MMR/cow/2016/O,MMR,cow,2016,O,MIDDLE-EAST-SOUTH-ASIA-ME-SA
MH845413/VNM/pig/2014/O,VNM,pig,2014,O,III-NORTHWEST-ZIMBABWE-NWZ
MF947143/VNM/cattle/2013/O,VNM,cattle,2013,O,MIDDLE-EAST-SOUTH-ASIA-ME-SA
MF947137/VNM/buffalo/2012/O,VNM,buffalo,2012,O,MIDDLE-EAST-SOUTH-ASIA-ME-SA
MF947132/VNM/buffalo/2015/O,VNM,buffalo,2015,O,MIDDLE-EAST-SOUTH-ASIA-ME-SA
MF947131/VNM/pig/2013/O,VNM,pig,2013,O,MIDDLE-EAST-SOUTH-ASIA-ME-SA
MF947129/VNM/pig/2014/O,VNM,pig,2014,O,MIDDLE-EAST-SOUTH-ASIA-ME-SA
MF947128/VNM/cattle/2010/O,VNM,cattle,2010,O,MIDDLE-EAST-SOUTH-ASIA-ME-SA
MF947127/VNM/buffalo/2012/O,VNM,buffalo,2012,O,MIDDLE-EAST-SOUTH-ASIA-ME-SA
MF947126/VNM/pig/2011/O,VNM,pig,2011,O,MIDDLE-EAST-SOUTH-ASIA-ME-SA
MF947124/VNM/cattle/2012/O,VNM,cattle,2012,O,MIDDLE-EAST-SOUTH-ASIA-ME-SA
MF947123/VNM/buffalo/2011/O,VNM,buffalo,2011,O,MIDDLE-EAST-SOUTH-ASIA-ME-SA
MH891503/VNM/cow/2017/O,VNM,cow,2017,O,MIDDLE-EAST-SOUTH-ASIA-ME-SA
MH784405/PAK/cattle/2017/O,PAK,cattle,2017,O,MIDDLE-EAST-SOUTH-ASIA-ME-SA
MH784404/PAK/water-buffalo/2017/O,PAK,water-buffalo,2017,O,MIDDLE-EAST-SOUTH-ASIA-ME-SA
MH784403/PAK/cattle/2016/O,PAK,cattle,2016,O,MIDDLE-EAST-SOUTH-ASIA-ME-SA
MG983741/VNM/cattle/2016/O,VNM,cattle,2016,O,MIDDLE-EAST-SOUTH-ASIA-ME-SA
MG983740/VNM/cattle/2015/O,VNM,cattle,2015,O,MIDDLE-EAST-SOUTH-ASIA-ME-SA
MG983739/ARE/cattle/2016/O,ARE,cattle,2016,O,MIDDLE-EAST-SOUTH-ASIA-ME-SA
MG983738/ARE/cattle/2016/O,ARE,cattle,2016,O,MIDDLE-EAST-SOUTH-ASIA-ME-SA
MG983737/ARE/gazelle/2014/O,ARE,gazelle,2014,O,MIDDLE-EAST-SOUTH-ASIA-ME-SA
MG983736/ARE/gazelle/2014/O,ARE,gazelle,2014,O,MIDDLE-EAST-SOUTH-ASIA-ME-SA
MG983735/TUN/unknown/2014/O,TUN,unknown,2014,O,MIDDLE-EAST-SOUTH-ASIA-ME-SA
MG983734/LKA/water-buffalo/2014/O,LKA,water-buffalo,2014,O,MIDDLE-EAST-SOUTH-ASIA-ME-SA
MG983733/LKA/cattle/2014/O,LKA,cattle,2014,O,MIDDLE-EAST-SOUTH-ASIA-ME-SA
MG983732/LKA/cattle/2014/O,LKA,cattle,2014,O,MIDDLE-EAST-SOUTH-ASIA-ME-SA
MG983731/LKA/cattle/2013/O,LKA,cattle,2013,O,MIDDLE-EAST-SOUTH-ASIA-ME-SA
MG983730/KOR/cattle/2017/O,KOR,cattle,2017,O,MIDDLE-EAST-SOUTH-ASIA-ME-SA
MG983729/SAU/cattle/2016/O,SAU,cattle,2016,O,MIDDLE-EAST-SOUTH-ASIA-ME-SA
MG983728/SAU/cattle/2016/O,SAU,cattle,2016,O,MIDDLE-EAST-SOUTH-ASIA-ME-SA
MG983727/SAU/cattle/2015/O,SAU,cattle,2015,O,MIDDLE-EAST-SOUTH-ASIA-ME-SA
MG983726/SAU/cattle/2014/O,SAU,cattle,2014,O,MIDDLE-EAST-SOUTH-ASIA-ME-SA
MG983725/SAU/cattle/2014/O,SAU,cattle,2014,O,MIDDLE-EAST-SOUTH-ASIA-ME-SA
MG983724/SAU/cattle/2013/O,SAU,cattle,2013,O,MIDDLE-EAST-SOUTH-ASIA-ME-SA
MG983723/SAU/cattle/2013/O,SAU,cattle,2013,O,MIDDLE-EAST-SOUTH-ASIA-ME-SA
MG983722/SAU/cattle/2013/O,SAU,cattle,2013,O,MIDDLE-EAST-SOUTH-ASIA-ME-SA
MG983721/SAU/cattle/2013/O,SAU,cattle,2013,O,MIDDLE-EAST-SOUTH-ASIA-ME-SA
MG983720/RUS/cattle/2016/O,RUS,cattle,2016,O,MIDDLE-EAST-SOUTH-ASIA-ME-SA
MG983719/NPL/cattle/2015/O,NPL,cattle,2015,O,MIDDLE-EAST-SOUTH-ASIA-ME-SA
MG983718/NPL/cattle/2015/O,NPL,cattle,2015,O,MIDDLE-EAST-SOUTH-ASIA-ME-SA
MG983717/NPL/cattle/2015/O,NPL,cattle,2015,O,MIDDLE-EAST-SOUTH-ASIA-ME-SA
MG983716/NPL/cattle/2014/O,NPL,cattle,2014,O,MIDDLE-EAST-SOUTH-ASIA-ME-SA
MG983715/NPL/cattle/2014/O,NPL,cattle,2014,O,MIDDLE-EAST-SOUTH-ASIA-ME-SA
MG983714/NPL/pig/2013/O,NPL,pig,2013,O,MIDDLE-EAST-SOUTH-ASIA-ME-SA
MG983713/NPL/cattle/2013/O,NPL,cattle,2013,O,MIDDLE-EAST-SOUTH-ASIA-ME-SA
MG983712/NPL/cattle/2013/O,NPL,cattle,2013,O,MIDDLE-EAST-SOUTH-ASIA-ME-SA
MG983711/NPL/cattle/2013/O,NPL,cattle,2013,O,MIDDLE-EAST-SOUTH-ASIA-ME-SA
MG983710/NPL/water-buffalo/2012/O,NPL,water-buffalo,2012,O,MIDDLE-EAST-SOUTH-ASIA-ME-SA
MG983709/NPL/cattle/2012/O,NPL,cattle,2012,O,MIDDLE-EAST-SOUTH-ASIA-ME-SA
MG983708/NPL/cattle/2012/O,NPL,cattle,2012,O,MIDDLE-EAST-SOUTH-ASIA-ME-SA
MG983707/NPL/water-buffalo/2012/O,NPL,water-buffalo,2012,O,MIDDLE-EAST-SOUTH-ASIA-ME-SA
MG983706/NPL/cattle/2010/O,NPL,cattle,2010,O,MIDDLE-EAST-SOUTH-ASIA-ME-SA
MG983705/NPL/cattle/2010/O,NPL,cattle,2010,O,MIDDLE-EAST-SOUTH-ASIA-ME-SA
MG983704/NPL/cattle/2008/O,NPL,cattle,2008,O,MIDDLE-EAST-SOUTH-ASIA-ME-SA
MG983703/MMR/cattle/2016/O,MMR,cattle,2016,O,MIDDLE-EAST-SOUTH-ASIA-ME-SA
MG983702/MUS/cattle/2016/O,MUS,cattle,2016,O,MIDDLE-EAST-SOUTH-ASIA-ME-SA
MG983701/MUS/cattle/2016/O,MUS,cattle,2016,O,MIDDLE-EAST-SOUTH-ASIA-ME-SA
MG983700/MUS/cattle/2016/O,MUS,cattle,2016,O,MIDDLE-EAST-SOUTH-ASIA-ME-SA
MG983699/MUS/cattle/2016/O,MUS,cattle,2016,O,MIDDLE-EAST-SOUTH-ASIA-ME-SA
MG983698/MUS/cattle/2016/O,MUS,cattle,2016,O,MIDDLE-EAST-SOUTH-ASIA-ME-SA
MG983697/LBY/cattle/2013/O,LBY,cattle,2013,O,MIDDLE-EAST-SOUTH-ASIA-ME-SA
MG983696/LBY/cattle/2013/O,LBY,cattle,2013,O,MIDDLE-EAST-SOUTH-ASIA-ME-SA
MG983695/LBY/cattle/2013/O,LBY,cattle,2013,O,MIDDLE-EAST-SOUTH-ASIA-ME-SA
MG983694/LBY/cattle/2013/O,LBY,cattle,2013,O,MIDDLE-EAST-SOUTH-ASIA-ME-SA
MG983693/LAO/unknown/2015/O,LAO,unknown,2015,O,MIDDLE-EAST-SOUTH-ASIA-ME-SA
MG983692/IRN/cattle/2009/O,IRN,cattle,2009,O,MIDDLE-EAST-SOUTH-ASIA-ME-SA
MG983691/BTN/cattle/2016/O,BTN,cattle,2016,O,MIDDLE-EAST-SOUTH-ASIA-ME-SA
MG983690/BTN/cattle/2016/O,BTN,cattle,2016,O,MIDDLE-EAST-SOUTH-ASIA-ME-SA
MG983689/BTN/cattle/2012/O,BTN,cattle,2012,O,MIDDLE-EAST-SOUTH-ASIA-ME-SA
MG983688/BTN/cattle/2009/O,BTN,cattle,2009,O,MIDDLE-EAST-SOUTH-ASIA-ME-SA
MG983687/BTN/cattle/2009/O,BTN,cattle,2009,O,MIDDLE-EAST-SOUTH-ASIA-ME-SA
MG983686/BHR/cattle/2015/O,BHR,cattle,2015,O,MIDDLE-EAST-SOUTH-ASIA-ME-SA
MG983685/BHR/cattle/2015/O,BHR,cattle,2015,O,MIDDLE-EAST-SOUTH-ASIA-ME-SA
MG983684/BGD/cattle/2009/O,BGD,cattle,2009,O,MIDDLE-EAST-SOUTH-ASIA-ME-SA
MG983683/DZA/unknown/2014/O,DZA,unknown,2014,O,MIDDLE-EAST-SOUTH-ASIA-ME-SA
MG923580/DZA/cattle/2017/A,DZA,cattle,2017,A,AFRICA
MG923579/DZA/cattle/2017/A,DZA,cattle,2017,A,AFRICA
MF372126/IND/gayal/1994/Asia1,IND,gayal,1994,Asia1,ASIA
MF372125/IND/gayal/2016/Asia1,IND,gayal,2016,Asia1,ASIA
MF461724/CHN/cattle/2017/O,CHN,cattle,2017,O,MIDDLE-EAST-SOUTH-ASIA-ME-SA
KY234502/CHN/pig/2015/O,CHN,pig,2015,O,MIDDLE-EAST-SOUTH-ASIA-ME-SA
KY234501/CHN/cow/2011/O,CHN,cow,2011,O,MIDDLE-EAST-SOUTH-ASIA-ME-SA
MH053352/ZWE/african-buffalo/1990/SAT3,ZWE,african-buffalo,1990,SAT3,III-NORTHWEST-ZIMBABWE-NWZ
MH053351/ZWE/cattle/1984/SAT3,ZWE,cattle,1984,SAT3,II-WESTERN-ZIMBABWE-WZ
MH053350/ZWE/african-buffalo/1983/SAT3,ZWE,african-buffalo,1983,SAT3,I-SOUTHEAST-ZIMBABWE-SEZ
MH053348/ZWE/cattle/1977/SAT3,ZWE,cattle,1977,SAT3,I-SOUTHEAST-ZIMBABWE-SEZ
MH053347/ZWE/cattle/1976/SAT3,ZWE,cattle,1976,SAT3,I-SOUTHEAST-ZIMBABWE-SEZ
MH053346/ZWE/cattle/1976/SAT3,ZWE,cattle,1976,SAT3,I-SOUTHEAST-ZIMBABWE-SEZ
MH053344/ZWE/cattle/1974/SAT3,ZWE,cattle,1974,SAT3,I-SOUTHEAST-ZIMBABWE-SEZ
MH053343/ZWE/cattle/1934/SAT3,ZWE,cattle,1934,SAT3,III-NORTHWEST-ZIMBABWE-NWZ
MH053338/BWA/cattle/1966/SAT3,BWA,cattle,1966,SAT3,II-WESTERN-ZIMBABWE-WZ
MH053335/ZWE/cattle/1965/SAT2,ZWE,cattle,1965,SAT2,I
MH053334/ZMB/cattle/1964/SAT2,ZMB,cattle,1964,SAT2,III
MH053333/ETH/cattle/1989/SAT2,ETH,cattle,1989,SAT2,IV
MH053332/BWA/african-buffalo/1974/SAT2,BWA,african-buffalo,1974,SAT2,II
MH053331/BWA/african-buffalo/1972/SAT2,BWA,african-buffalo,1972,SAT2,II
MH053328/BWA/african-buffalo/1968/SAT2,BWA,african-buffalo,1968,SAT2,III
MH053326/UGA/african-buffalo/1970/SAT1,UGA,african-buffalo,1970,SAT1,IV-EAST-AFRICA1-EA-1
MH053325/UGA/cattle/1978/SAT1,UGA,cattle,1978,SAT1,VII-EAST-AFRICA-2-EA-2
MH053324/UGA/cattle/1971/SAT1,UGA,cattle,1971,SAT1,VII-EAST-AFRICA-2-EA-2
MH053323/TCD/cattle/1972/SAT1,TCD,cattle,1972,SAT1,VI
MH053322/NAM/african-buffalo/1989/SAT1,NAM,african-buffalo,1989,SAT1,III-WESTERN-ZIMBABWE-WZ
MH053321/MOZ/cattle/1981/SAT1,MOZ,cattle,1981,SAT1,ASIA
MH053320/KEN/cattle/1983/SAT1,KEN,cattle,1983,SAT1,I-NORTHWEST-ZIMBABWE-NWZ
MH053318/UGA/unknown/2002/O,UGA,unknown,2002,O,EAST-AFRICA-2-EA-2
MH053317/UGA/unknown/1998/O,UGA,unknown,1998,O,EAST-AFRICA-4-EA-4
MH053316/UGA/cattle/1996/O,UGA,cattle,1996,O,EAST-AFRICA-1-EA-1
MH053315/SDN/unknown/1976/O,SDN,unknown,1976,O,WEST-AFRICA-WA
MH053314/ETH/cattle/2007/O,ETH,cattle,2007,O,EAST-AFRICA-3-EA-3
MH053313/ETH/cattle/2006/O,ETH,cattle,2006,O,EAST-AFRICA-3-EA-3
MH053312/ETH/cattle/2005/O,ETH,cattle,2005,O,EAST-AFRICA-4-EA-4
MH053311/ETH/cattle/2004/O,ETH,cattle,2004,O,EAST-AFRICA-3-EA-3
MH053310/UGA/cattle/1970/C,UGA,cattle,1970,C,AFRICA
MH053309/KEN/cattle/1967/C,KEN,cattle,1967,C,AFRICA
MH053308/ETH/unknown/1971/C,ETH,unknown,1971,C,AFRICA
MH053307/ZMB/cattle/1990/A,ZMB,cattle,1990,A,AFRICA
MH053306/TCD/cattle/1973/A,TCD,cattle,1973,A,AFRICA
MH053305/EGY/cattle/1972/A,EGY,cattle,1972,A,AFRICA
MG725876/NER/cow/2015/A,NER,cow,2015,A,AFRICA
MG725875/NER/cow/2015/A,NER,cow,2015,A,AFRICA
MG725874/NER/cow/2015/A,NER,cow,2015,A,AFRICA
MG725873/NER/cow/2015/A,NER,cow,2015,A,AFRICA
MG725872/NER/cow/2013/A,NER,cow,2013,A,AFRICA
LC320038/MNG/cow/2015/O,MNG,cow,2015,O,MIDDLE-EAST-SOUTH-ASIA-ME-SA
MF782478/BGD/cattle/2013/Asia1,BGD,cattle,2013,Asia1,ASIA
MF678826/NER/cow/2015/SAT1,NER,cow,2015,SAT1,X
MF678825/NER/cow/2015/SAT1,NER,cow,2015,SAT1,X
MF678824/NER/cow/2015/SAT1,NER,cow,2015,SAT1,X
MF678823/NER/cow/2015/SAT1,NER,cow,2015,SAT1,X
MF143578/VNM/cattle/2013/O,VNM,cattle,2013,O,MIDDLE-EAST-SOUTH-ASIA-ME-SA
MF143577/VNM/cattle/2013/O,VNM,cattle,2013,O,MIDDLE-EAST-SOUTH-ASIA-ME-SA
MF143576/VNM/cattle/2013/O,VNM,cattle,2013,O,MIDDLE-EAST-SOUTH-ASIA-ME-SA
MF143575/VNM/cattle/2012/O,VNM,cattle,2012,O,MIDDLE-EAST-SOUTH-ASIA-ME-SA
MF143574/VNM/cattle/2012/O,VNM,cattle,2012,O,MIDDLE-EAST-SOUTH-ASIA-ME-SA
MF143573/VNM/cattle/2012/O,VNM,cattle,2012,O,MIDDLE-EAST-SOUTH-ASIA-ME-SA
MF143572/VNM/cattle/2012/O,VNM,cattle,2012,O,MIDDLE-EAST-SOUTH-ASIA-ME-SA
KX534089/KOR/pig/2016/O,KOR,pig,2016,O,III-NORTHWEST-ZIMBABWE-NWZ
KY072818/CHN/cattle/1959/O,CHN,cattle,1959,O,CATHAY
LC149720/JPN/pig/2010/O,JPN,pig,2010,O,III-NORTHWEST-ZIMBABWE-NWZ
LC149719/JPN/cow/2010/O,JPN,cow,2010,O,III-NORTHWEST-ZIMBABWE-NWZ
LC149718/JPN/cow/2010/O,JPN,cow,2010,O,III-NORTHWEST-ZIMBABWE-NWZ
LC149717/JPN/cow/2010/O,JPN,cow,2010,O,III-NORTHWEST-ZIMBABWE-NWZ
LC149716/JPN/cow/2010/O,JPN,cow,2010,O,III-NORTHWEST-ZIMBABWE-NWZ
LC149713/JPN/cow/2010/O,JPN,cow,2010,O,III-NORTHWEST-ZIMBABWE-NWZ
LC149712/JPN/cow/2010/O,JPN,cow,2010,O,III-NORTHWEST-ZIMBABWE-NWZ
LC149711/JPN/cow/2010/O,JPN,cow,2010,O,III-NORTHWEST-ZIMBABWE-NWZ
LC149710/JPN/cow/2010/O,JPN,cow,2010,O,III-NORTHWEST-ZIMBABWE-NWZ
LC149709/JPN/cow/2010/O,JPN,cow,2010,O,III-NORTHWEST-ZIMBABWE-NWZ
LC149708/JPN/cow/2010/O,JPN,cow,2010,O,III-NORTHWEST-ZIMBABWE-NWZ
LC149707/JPN/cow/2010/O,JPN,cow,2010,O,III-NORTHWEST-ZIMBABWE-NWZ
LC149706/JPN/cow/2010/O,JPN,cow,2010,O,III-NORTHWEST-ZIMBABWE-NWZ
LC149705/JPN/cow/2010/O,JPN,cow,2010,O,III-NORTHWEST-ZIMBABWE-NWZ
LC149704/JPN/cow/2010/O,JPN,cow,2010,O,III-NORTHWEST-ZIMBABWE-NWZ
LC149702/JPN/pig/2010/O,JPN,pig,2010,O,III-NORTHWEST-ZIMBABWE-NWZ
LC149700/JPN/cow/2010/O,JPN,cow,2010,O,III-NORTHWEST-ZIMBABWE-NWZ
LC149699/JPN/cow/2010/O,JPN,cow,2010,O,III-NORTHWEST-ZIMBABWE-NWZ
LC149698/JPN/cow/2010/O,JPN,cow,2010,O,III-NORTHWEST-ZIMBABWE-NWZ
LC149697/JPN/pig/2010/O,JPN,pig,2010,O,III-NORTHWEST-ZIMBABWE-NWZ
LC149696/JPN/cow/2010/O,JPN,cow,2010,O,III-NORTHWEST-ZIMBABWE-NWZ
LC149695/JPN/cow/2010/O,JPN,cow,2010,O,III-NORTHWEST-ZIMBABWE-NWZ
LC149694/JPN/cow/2010/O,JPN,cow,2010,O,III-NORTHWEST-ZIMBABWE-NWZ
LC149693/JPN/cow/2010/O,JPN,cow,2010,O,III-NORTHWEST-ZIMBABWE-NWZ
LC149692/JPN/pig/2010/O,JPN,pig,2010,O,III-NORTHWEST-ZIMBABWE-NWZ
LC149690/JPN/pig/2010/O,JPN,pig,2010,O,III-NORTHWEST-ZIMBABWE-NWZ
LC149689/JPN/cow/2010/O,JPN,cow,2010,O,III-NORTHWEST-ZIMBABWE-NWZ
LC149688/JPN/pig/2010/O,JPN,pig,2010,O,III-NORTHWEST-ZIMBABWE-NWZ
LC149687/JPN/cow/2010/O,JPN,cow,2010,O,III-NORTHWEST-ZIMBABWE-NWZ
LC149686/JPN/cow/2010/O,JPN,cow,2010,O,III-NORTHWEST-ZIMBABWE-NWZ
LC149685/JPN/cow/2010/O,JPN,cow,2010,O,III-NORTHWEST-ZIMBABWE-NWZ
LC149684/JPN/pig/2010/O,JPN,pig,2010,O,III-NORTHWEST-ZIMBABWE-NWZ
LC149683/JPN/cow/2010/O,JPN,cow,2010,O,III-NORTHWEST-ZIMBABWE-NWZ
LC149682/JPN/cow/2010/O,JPN,cow,2010,O,III-NORTHWEST-ZIMBABWE-NWZ
LC149681/JPN/cow/2010/O,JPN,cow,2010,O,III-NORTHWEST-ZIMBABWE-NWZ
LC149680/JPN/cow/2010/O,JPN,cow,2010,O,III-NORTHWEST-ZIMBABWE-NWZ
LC149679/JPN/pig/2010/O,JPN,pig,2010,O,III-NORTHWEST-ZIMBABWE-NWZ
LC149677/JPN/cow/2010/O,JPN,cow,2010,O,III-NORTHWEST-ZIMBABWE-NWZ
LC149676/JPN/pig/2010/O,JPN,pig,2010,O,III-NORTHWEST-ZIMBABWE-NWZ
LC149675/JPN/cow/2010/O,JPN,cow,2010,O,III-NORTHWEST-ZIMBABWE-NWZ
LC149674/JPN/cow/2010/O,JPN,cow,2010,O,III-NORTHWEST-ZIMBABWE-NWZ
LC149673/JPN/cow/2010/O,JPN,cow,2010,O,III-NORTHWEST-ZIMBABWE-NWZ
LC149672/JPN/cow/2010/O,JPN,cow,2010,O,III-NORTHWEST-ZIMBABWE-NWZ
LC149671/JPN/cow/2010/O,JPN,cow,2010,O,III-NORTHWEST-ZIMBABWE-NWZ
LC149670/JPN/cow/2010/O,JPN,cow,2010,O,III-NORTHWEST-ZIMBABWE-NWZ
LC149669/JPN/cow/2010/O,JPN,cow,2010,O,III-NORTHWEST-ZIMBABWE-NWZ
LC149668/JPN/cow/2010/O,JPN,cow,2010,O,III-NORTHWEST-ZIMBABWE-NWZ
LC149667/JPN/cow/2010/O,JPN,cow,2010,O,III-NORTHWEST-ZIMBABWE-NWZ
LC149666/JPN/cow/2010/O,JPN,cow,2010,O,III-NORTHWEST-ZIMBABWE-NWZ
LC149665/JPN/cow/2010/O,JPN,cow,2010,O,III-NORTHWEST-ZIMBABWE-NWZ
LC149664/JPN/cow/2010/O,JPN,cow,2010,O,III-NORTHWEST-ZIMBABWE-NWZ
LC149663/JPN/cow/2010/O,JPN,cow,2010,O,III-NORTHWEST-ZIMBABWE-NWZ
LC149661/JPN/cow/2010/O,JPN,cow,2010,O,III-NORTHWEST-ZIMBABWE-NWZ
LC149660/JPN/cow/2010/O,JPN,cow,2010,O,III-NORTHWEST-ZIMBABWE-NWZ
LC149659/JPN/cow/2010/O,JPN,cow,2010,O,III-NORTHWEST-ZIMBABWE-NWZ
LC149658/JPN/pig/2010/O,JPN,pig,2010,O,III-NORTHWEST-ZIMBABWE-NWZ
LC149657/JPN/pig/2010/O,JPN,pig,2010,O,III-NORTHWEST-ZIMBABWE-NWZ
LC149656/JPN/cow/2010/O,JPN,cow,2010,O,III-NORTHWEST-ZIMBABWE-NWZ
LC149655/JPN/cow/2010/O,JPN,cow,2010,O,III-NORTHWEST-ZIMBABWE-NWZ
LC149654/JPN/cow/2010/O,JPN,cow,2010,O,III-NORTHWEST-ZIMBABWE-NWZ
LC149653/JPN/pig/2010/O,JPN,pig,2010,O,III-NORTHWEST-ZIMBABWE-NWZ
LC149652/JPN/pig/2010/O,JPN,pig,2010,O,III-NORTHWEST-ZIMBABWE-NWZ
LC149651/JPN/cow/2010/O,JPN,cow,2010,O,III-NORTHWEST-ZIMBABWE-NWZ
LC149650/JPN/cow/2010/O,JPN,cow,2010,O,III-NORTHWEST-ZIMBABWE-NWZ
LC149649/JPN/pig/2010/O,JPN,pig,2010,O,III-NORTHWEST-ZIMBABWE-NWZ
LC149648/JPN/cow/2010/O,JPN,cow,2010,O,III-NORTHWEST-ZIMBABWE-NWZ
LC149647/JPN/cow/2010/O,JPN,cow,2010,O,III-NORTHWEST-ZIMBABWE-NWZ
LC149646/JPN/pig/2010/O,JPN,pig,2010,O,III-NORTHWEST-ZIMBABWE-NWZ
LC149645/JPN/cow/2010/O,JPN,cow,2010,O,III-NORTHWEST-ZIMBABWE-NWZ
LC149644/JPN/cow/2010/O,JPN,cow,2010,O,III-NORTHWEST-ZIMBABWE-NWZ
LC149643/JPN/pig/2010/O,JPN,pig,2010,O,III-NORTHWEST-ZIMBABWE-NWZ
LC149642/JPN/cow/2010/O,JPN,cow,2010,O,III-NORTHWEST-ZIMBABWE-NWZ
LC149641/JPN/pig/2010/O,JPN,pig,2010,O,III-NORTHWEST-ZIMBABWE-NWZ
LC149640/JPN/cow/2010/O,JPN,cow,2010,O,III-NORTHWEST-ZIMBABWE-NWZ
LC149639/JPN/pig/2010/O,JPN,pig,2010,O,III-NORTHWEST-ZIMBABWE-NWZ
LC149638/JPN/cow/2010/O,JPN,cow,2010,O,III-NORTHWEST-ZIMBABWE-NWZ
LC149637/JPN/pig/2010/O,JPN,pig,2010,O,III-NORTHWEST-ZIMBABWE-NWZ
LC149636/JPN/cow/2010/O,JPN,cow,2010,O,III-NORTHWEST-ZIMBABWE-NWZ
LC149634/JPN/pig/2010/O,JPN,pig,2010,O,III-NORTHWEST-ZIMBABWE-NWZ
LC149633/JPN/pig/2010/O,JPN,pig,2010,O,III-NORTHWEST-ZIMBABWE-NWZ
LC149632/JPN/pig/2010/O,JPN,pig,2010,O,III-NORTHWEST-ZIMBABWE-NWZ
LC149631/JPN/cow/2010/O,JPN,cow,2010,O,III-NORTHWEST-ZIMBABWE-NWZ
LC149629/JPN/cow/2010/O,JPN,cow,2010,O,III-NORTHWEST-ZIMBABWE-NWZ
LC149628/JPN/pig/2010/O,JPN,pig,2010,O,III-NORTHWEST-ZIMBABWE-NWZ
LC149627/JPN/pig/2010/O,JPN,pig,2010,O,III-NORTHWEST-ZIMBABWE-NWZ
LC149626/JPN/cow/2010/O,JPN,cow,2010,O,III-NORTHWEST-ZIMBABWE-NWZ
LC149625/JPN/cow/2010/O,JPN,cow,2010,O,III-NORTHWEST-ZIMBABWE-NWZ
LC149624/JPN/pig/2010/O,JPN,pig,2010,O,III-NORTHWEST-ZIMBABWE-NWZ
LC149623/JPN/cow/2010/O,JPN,cow,2010,O,III-NORTHWEST-ZIMBABWE-NWZ
LC149622/JPN/cow/2010/O,JPN,cow,2010,O,III-NORTHWEST-ZIMBABWE-NWZ
LC149621/JPN/wild-water-buffalo/2010/O,JPN,wild-water-buffalo,2010,O,III-NORTHWEST-ZIMBABWE-NWZ
LC149620/JPN/cow/2010/O,JPN,cow,2010,O,III-NORTHWEST-ZIMBABWE-NWZ
LC149619/JPN/cow/2010/O,JPN,cow,2010,O,III-NORTHWEST-ZIMBABWE-NWZ
LC149618/JPN/cow/2010/O,JPN,cow,2010,O,III-NORTHWEST-ZIMBABWE-NWZ
LC149617/JPN/cow/2010/O,JPN,cow,2010,O,III-NORTHWEST-ZIMBABWE-NWZ
KY446903/PAK/water-buffalo/2005/O,PAK,water-buffalo,2005,O,MIDDLE-EAST-SOUTH-ASIA-ME-SA
KY657269/VNM/pig/2015/O,VNM,pig,2015,O,MIDDLE-EAST-SOUTH-ASIA-ME-SA
KY086466/KOR/pig/2016/O,KOR,pig,2016,O,III-NORTHWEST-ZIMBABWE-NWZ
KY086465/KOR/pig/2016/O,KOR,pig,2016,O,III-NORTHWEST-ZIMBABWE-NWZ
KU204894/CHN/pig/2013/O,CHN,pig,2013,O,CATHAY
KU204893/CHN/pig/2013/O,CHN,pig,2013,O,CATHAY
KX712091/BGD/pig/2015/O,BGD,pig,2015,O,MIDDLE-EAST-SOUTH-ASIA-ME-SA
JN099699/IRQ/cattle/2009/A,IRQ,cattle,2009,A,ASIA
JN099698/IRQ/cattle/2009/A,IRQ,cattle,2009,A,ASIA
JN099697/IRQ/cattle/2009/A,IRQ,cattle,2009,A,ASIA
JN099694/IRQ/cattle/2009/A,IRQ,cattle,2009,A,ASIA
JN099688/IRQ/cattle/2009/A,IRQ,cattle,2009,A,ASIA
KX162590/KOR/pig/2014/O,KOR,pig,2014,O,III-NORTHWEST-ZIMBABWE-NWZ
KU726614/GRC/sheep/1994/O,GRC,sheep,1994,O,MIDDLE-EAST-SOUTH-ASIA-ME-SA
KU821592/ZMB/cow/2009/SAT2,ZMB,cow,2009,SAT2,III
KU821591/ZMB/cow/2010/O,ZMB,cow,2010,O,EAST-AFRICA-2-EA-2
KU821590/NAM/cow/2010/SAT1,NAM,cow,2010,SAT1,III-WESTERN-ZIMBABWE-WZ
KU291242/MAR/cow/2015/O,MAR,cow,2015,O,MIDDLE-EAST-SOUTH-ASIA-ME-SA
KX002205/ARG/cattle/2001/A,ARG,cattle,2001,A,EUROPE-SOUTH-AMERICA-EURO-SA-SOUTH
KX002204/ARG/cattle/2001/A,ARG,cattle,2001,A,EUROPE-SOUTH-AMERICA-EURO-SA-SOUTH
KX002203/ARG/cattle/2001/A,ARG,cattle,2001,A,EUROPE-SOUTH-AMERICA-EURO-SA-SOUTH
KX002202/ARG/cattle/2001/A,ARG,cattle,2001,A,EUROPE-SOUTH-AMERICA-EURO-SA-SOUTH
KX002201/ARG/cattle/2001/A,ARG,cattle,2001,A,EUROPE-SOUTH-AMERICA-EURO-SA-SOUTH
KX002200/ARG/cattle/2001/A,ARG,cattle,2001,A,EUROPE-SOUTH-AMERICA-EURO-SA-SOUTH
KX002199/ARG/cattle/2001/A,ARG,cattle,2001,A,EUROPE-SOUTH-AMERICA-EURO-SA-SOUTH
KX002198/ARG/cattle/2001/A,ARG,cattle,2001,A,EUROPE-SOUTH-AMERICA-EURO-SA-SOUTH
KX002197/ARG/cattle/2001/A,ARG,cattle,2001,A,EUROPE-SOUTH-AMERICA-EURO-SA-SOUTH
KX002196/ARG/cattle/2001/A,ARG,cattle,2001,A,EUROPE-SOUTH-AMERICA-EURO-SA-SOUTH
KX002194/ARG/cattle/2000/A,ARG,cattle,2000,A,EUROPE-SOUTH-AMERICA-EURO-SA-SOUTH
KX002193/ARG/cattle/2001/A,ARG,cattle,2001,A,EUROPE-SOUTH-AMERICA-EURO-SA-SOUTH
KX002192/ARG/cattle/2001/A,ARG,cattle,2001,A,EUROPE-SOUTH-AMERICA-EURO-SA-SOUTH
KX002191/ARG/cattle/2001/A,ARG,cattle,2001,A,EUROPE-SOUTH-AMERICA-EURO-SA-SOUTH
KX002190/ARG/cattle/2001/A,ARG,cattle,2001,A,EUROPE-SOUTH-AMERICA-EURO-SA-SOUTH
KX002189/ARG/cattle/2001/A,ARG,cattle,2001,A,EUROPE-SOUTH-AMERICA-EURO-SA-SOUTH
KX002188/ARG/cattle/2001/A,ARG,cattle,2001,A,EUROPE-SOUTH-AMERICA-EURO-SA-SOUTH
KX002187/ARG/cattle/2001/A,ARG,cattle,2001,A,EUROPE-SOUTH-AMERICA-EURO-SA-SOUTH
KX002186/ARG/cattle/2001/A,ARG,cattle,2001,A,EUROPE-SOUTH-AMERICA-EURO-SA-SOUTH
KX002185/ARG/cattle/2001/A,ARG,cattle,2001,A,EUROPE-SOUTH-AMERICA-EURO-SA-SOUTH
KX002184/ARG/cattle/2001/A,ARG,cattle,2001,A,EUROPE-SOUTH-AMERICA-EURO-SA-SOUTH
KX002183/ARG/cattle/2001/A,ARG,cattle,2001,A,EUROPE-SOUTH-AMERICA-EURO-SA-SOUTH
KX002182/ARG/cattle/2001/A,ARG,cattle,2001,A,EUROPE-SOUTH-AMERICA-EURO-SA-SOUTH
KX002181/ARG/cattle/2001/A,ARG,cattle,2001,A,EUROPE-SOUTH-AMERICA-EURO-SA-SOUTH
KX002180/ARG/cattle/2001/A,ARG,cattle,2001,A,EUROPE-SOUTH-AMERICA-EURO-SA-SOUTH
KX002179/ARG/cattle/2001/A,ARG,cattle,2001,A,EUROPE-SOUTH-AMERICA-EURO-SA-SOUTH
KX002178/ARG/cattle/2001/A,ARG,cattle,2001,A,EUROPE-SOUTH-AMERICA-EURO-SA-SOUTH
KX002177/ARG/cattle/2001/A,ARG,cattle,2001,A,EUROPE-SOUTH-AMERICA-EURO-SA-SOUTH
KX002176/ARG/cattle/2001/A,ARG,cattle,2001,A,EUROPE-SOUTH-AMERICA-EURO-SA-SOUTH
KT968663/CHN/yak/2013/A,CHN,yak,2013,A,ASIA
KU127247/SAU/cattle/2015/A,SAU,cattle,2015,A,ASIA
KU360085/CHN/pig/2015/Asia1,CHN,pig,2015,Asia1,ASIA
HQ268509/VNM/Unknown/2004/A,VNM,Unknown,2004,A,ASIA
LC036265/JPN/cattle/2010/O,JPN,cattle,2010,O,III-NORTHWEST-ZIMBABWE-NWZ
KR108950/ZAF/african-buffalo/2009/SAT3,ZAF,african-buffalo,2009,SAT3,I-SOUTHEAST-ZIMBABWE-SEZ
HQ832592/IND/cattle/2009/A,IND,cattle,2009,A,ASIA
HQ832591/IND/cattle/2008/A,IND,cattle,2008,A,ASIA
HQ832590/IND/cattle/2007/A,IND,cattle,2007,A,ASIA
HQ832589/IND/cattle/2006/A,IND,cattle,2006,A,ASIA
HQ832588/IND/cattle/2005/A,IND,cattle,2005,A,ASIA
HQ832586/IND/Unknown/2006/A,IND,Unknown,2006,A,ASIA
HQ832585/IND/Unknown/2005/A,IND,Unknown,2005,A,ASIA
HQ832584/IND/cattle/2005/A,IND,cattle,2005,A,ASIA
HQ832583/IND/Unknown/2005/A,IND,Unknown,2005,A,ASIA
HQ832582/IND/buffalo/2004/A,IND,buffalo,2004,A,ASIA
HQ832581/IND/cattle/2004/A,IND,cattle,2004,A,ASIA
HQ832580/IND/cattle/2003/A,IND,cattle,2003,A,ASIA
HQ832579/IND/buffalo/2003/A,IND,buffalo,2003,A,ASIA
HQ832578/IND/Unknown/2003/A,IND,Unknown,2003,A,ASIA
HQ832577/IND/Unknown/1999/A,IND,Unknown,1999,A,ASIA
KC412634/CHN/pig/2006/Asia1,CHN,pig,2006,Asia1,ASIA
KJ608371/VNM/cattle/2013/A,VNM,cattle,2013,A,ASIA
KP940474/EGY/cattle/2014/A,EGY,cattle,2014,A,AFRICA
KP940473/EGY/cattle/2014/O,EGY,cattle,2014,O,MIDDLE-EAST-SOUTH-ASIA-ME-SA
KJ560309/GBR/cattle/2007/O,GBR,cattle,2007,O,EUROPE-SOUTH-AMERICA-EURO-SA-SOUTH
KJ560308/GBR/cattle/2007/O,GBR,cattle,2007,O,EUROPE-SOUTH-AMERICA-EURO-SA-SOUTH
KJ560307/GBR/cattle/2007/O,GBR,cattle,2007,O,EUROPE-SOUTH-AMERICA-EURO-SA-SOUTH
KJ560306/GBR/cattle/2007/O,GBR,cattle,2007,O,EUROPE-SOUTH-AMERICA-EURO-SA-SOUTH
KJ560305/GBR/cattle/2007/O,GBR,cattle,2007,O,EUROPE-SOUTH-AMERICA-EURO-SA-SOUTH
KJ560304/GBR/cattle/2007/O,GBR,cattle,2007,O,EUROPE-SOUTH-AMERICA-EURO-SA-SOUTH
KJ560303/GBR/cattle/2007/O,GBR,cattle,2007,O,EUROPE-SOUTH-AMERICA-EURO-SA-SOUTH
KJ560302/GBR/cattle/2007/O,GBR,cattle,2007,O,EUROPE-SOUTH-AMERICA-EURO-SA-SOUTH
KJ560301/GBR/cattle/2007/O,GBR,cattle,2007,O,EUROPE-SOUTH-AMERICA-EURO-SA-SOUTH
KJ560300/GBR/sheep/2007/O,GBR,sheep,2007,O,EUROPE-SOUTH-AMERICA-EURO-SA-SOUTH
KJ560299/GBR/sheep/2007/O,GBR,sheep,2007,O,EUROPE-SOUTH-AMERICA-EURO-SA-SOUTH
KJ560298/GBR/sheep/2007/O,GBR,sheep,2007,O,EUROPE-SOUTH-AMERICA-EURO-SA-SOUTH
KJ560297/GBR/sheep/2007/O,GBR,sheep,2007,O,EUROPE-SOUTH-AMERICA-EURO-SA-SOUTH
KJ560296/GBR/cattle/2007/O,GBR,cattle,2007,O,EUROPE-SOUTH-AMERICA-EURO-SA-SOUTH
KJ560295/GBR/cattle/2007/O,GBR,cattle,2007,O,EUROPE-SOUTH-AMERICA-EURO-SA-SOUTH
KJ560294/GBR/cattle/2007/O,GBR,cattle,2007,O,EUROPE-SOUTH-AMERICA-EURO-SA-SOUTH
KJ560293/GBR/cattle/2007/O,GBR,cattle,2007,O,EUROPE-SOUTH-AMERICA-EURO-SA-SOUTH
KJ560292/GBR/cattle/2007/O,GBR,cattle,2007,O,EUROPE-SOUTH-AMERICA-EURO-SA-SOUTH
KJ560291/GBR/cattle/2007/O,GBR,cattle,2007,O,EUROPE-SOUTH-AMERICA-EURO-SA-SOUTH
KJ560290/GBR/cattle/2007/O,GBR,cattle,2007,O,EUROPE-SOUTH-AMERICA-EURO-SA-SOUTH
KJ560289/GBR/cattle/2007/O,GBR,cattle,2007,O,EUROPE-SOUTH-AMERICA-EURO-SA-SOUTH
KJ560288/GBR/cattle/2007/O,GBR,cattle,2007,O,EUROPE-SOUTH-AMERICA-EURO-SA-SOUTH
KJ560287/GBR/cattle/2007/O,GBR,cattle,2007,O,EUROPE-SOUTH-AMERICA-EURO-SA-SOUTH
KJ560286/GBR/cattle/2007/O,GBR,cattle,2007,O,EUROPE-SOUTH-AMERICA-EURO-SA-SOUTH
KJ560285/GBR/cattle/2007/O,GBR,cattle,2007,O,EUROPE-SOUTH-AMERICA-EURO-SA-SOUTH
KJ560284/GBR/cattle/2007/O,GBR,cattle,2007,O,EUROPE-SOUTH-AMERICA-EURO-SA-SOUTH
KJ560283/GBR/cattle/2007/O,GBR,cattle,2007,O,EUROPE-SOUTH-AMERICA-EURO-SA-SOUTH
KJ560282/GBR/cattle/2007/O,GBR,cattle,2007,O,EUROPE-SOUTH-AMERICA-EURO-SA-SOUTH
KJ560281/GBR/cattle/2007/O,GBR,cattle,2007,O,EUROPE-SOUTH-AMERICA-EURO-SA-SOUTH
KJ560280/GBR/cattle/2007/O,GBR,cattle,2007,O,EUROPE-SOUTH-AMERICA-EURO-SA-SOUTH
KJ560279/GBR/cattle/2007/O,GBR,cattle,2007,O,EUROPE-SOUTH-AMERICA-EURO-SA-SOUTH
KJ560278/GBR/cattle/2007/O,GBR,cattle,2007,O,EUROPE-SOUTH-AMERICA-EURO-SA-SOUTH
KJ560277/GBR/cattle/2007/O,GBR,cattle,2007,O,EUROPE-SOUTH-AMERICA-EURO-SA-SOUTH
KJ560276/GBR/cattle/2007/O,GBR,cattle,2007,O,EUROPE-SOUTH-AMERICA-EURO-SA-SOUTH
KJ825809/IND/buffalo/2013/O,IND,buffalo,2013,O,MIDDLE-EAST-SOUTH-ASIA-ME-SA
KJ825808/IND/cattle/2013/O,IND,cattle,2013,O,MIDDLE-EAST-SOUTH-ASIA-ME-SA
KJ825807/IND/cattle/2014/O,IND,cattle,2014,O,MIDDLE-EAST-SOUTH-ASIA-ME-SA
KJ825806/IND/cattle/2013/O,IND,cattle,2013,O,MIDDLE-EAST-SOUTH-ASIA-ME-SA
KJ825805/IND/cattle/2013/O,IND,cattle,2013,O,MIDDLE-EAST-SOUTH-ASIA-ME-SA
KJ825804/IND/cattle/2013/O,IND,cattle,2013,O,MIDDLE-EAST-SOUTH-ASIA-ME-SA
KJ825803/IND/cattle/2013/O,IND,cattle,2013,O,MIDDLE-EAST-SOUTH-ASIA-ME-SA
KJ825802/IND/cattle/2013/O,IND,cattle,2013,O,MIDDLE-EAST-SOUTH-ASIA-ME-SA
KJ825801/IND/cattle/2013/O,IND,cattle,2013,O,MIDDLE-EAST-SOUTH-ASIA-ME-SA
KJ820999/UGA/cattle/2013/SAT3,UGA,cattle,2013,SAT3,V-East-Africa-EA
KJ206910/SAU/cattle/2013/O,SAU,cattle,2013,O,MIDDLE-EAST-SOUTH-ASIA-ME-SA
KJ206909/LBY/cattle/2013/O,LBY,cattle,2013,O,MIDDLE-EAST-SOUTH-ASIA-ME-SA
KJ206908/BTN/cattle/2013/O,BTN,cattle,2013,O,MIDDLE-EAST-SOUTH-ASIA-ME-SA
HQ268524/BTN/Unknown/2004/O,BTN,Unknown,2004,O,MIDDLE-EAST-SOUTH-ASIA-ME-SA
KM268901/ZWE/cattle/1991/SAT3,ZWE,cattle,1991,SAT3,I-SOUTHEAST-ZIMBABWE-SEZ
KM268900/TZA/cattle/2012/SAT2,TZA,cattle,2012,SAT2,IV
KM268899/TZA/cattle/2012/SAT1,TZA,cattle,2012,SAT1,I-NORTHWEST-ZIMBABWE-NWZ
KM268898/TUR/cattle/2013/Asia1,TUR,cattle,2013,Asia1,ASIA
KM268897/KEN/cattle/2004/C,KEN,cattle,2004,C,AFRICA
KM268896/TUR/cattle/2013/A,TUR,cattle,2013,A,ASIA
KM268895/TUR/cattle/2013/O,TUR,cattle,2013,O,MIDDLE-EAST-SOUTH-ASIA-ME-SA
KM257065/GBR/cattle/2001/O,GBR,cattle,2001,O,MIDDLE-EAST-SOUTH-ASIA-ME-SA
KM257064/GBR/cattle/2001/O,GBR,cattle,2001,O,MIDDLE-EAST-SOUTH-ASIA-ME-SA
KM257063/GBR/cattle/2001/O,GBR,cattle,2001,O,MIDDLE-EAST-SOUTH-ASIA-ME-SA
KM257062/GBR/cattle/2001/O,GBR,cattle,2001,O,MIDDLE-EAST-SOUTH-ASIA-ME-SA
KM257061/GBR/cattle/2001/O,GBR,cattle,2001,O,MIDDLE-EAST-SOUTH-ASIA-ME-SA
KJ933864/MYS/Unknown/1997/A,MYS,Unknown,1997,A,ASIA
JX869188/GBR/sheep/1968/O,GBR,sheep,1968,O,EUROPE-SOUTH-AMERICA-EURO-SA-SOUTH
JX869187/GBR/cattle/1968/O,GBR,cattle,1968,O,EUROPE-SOUTH-AMERICA-EURO-SA-SOUTH
JX869186/GBR/cattle/1968/O,GBR,cattle,1968,O,EUROPE-SOUTH-AMERICA-EURO-SA-SOUTH
JX869185/GBR/cattle/1968/O,GBR,cattle,1968,O,EUROPE-SOUTH-AMERICA-EURO-SA-SOUTH
JX869184/GBR/cattle/1968/O,GBR,cattle,1968,O,EUROPE-SOUTH-AMERICA-EURO-SA-SOUTH
JX869183/GBR/cattle/1968/O,GBR,cattle,1968,O,EUROPE-SOUTH-AMERICA-EURO-SA-SOUTH
JX869182/GBR/cattle/1968/O,GBR,cattle,1968,O,EUROPE-SOUTH-AMERICA-EURO-SA-SOUTH
JX869181/GBR/cattle/1967/O,GBR,cattle,1967,O,EUROPE-SOUTH-AMERICA-EURO-SA-SOUTH
JX869180/GBR/cattle/1967/O,GBR,cattle,1967,O,EUROPE-SOUTH-AMERICA-EURO-SA-SOUTH
JX869179/GBR/cattle/1967/O,GBR,cattle,1967,O,EUROPE-SOUTH-AMERICA-EURO-SA-SOUTH
JX869178/GBR/cattle/1967/O,GBR,cattle,1967,O,EUROPE-SOUTH-AMERICA-EURO-SA-SOUTH
JX869177/GBR/cattle/1967/O,GBR,cattle,1967,O,EUROPE-SOUTH-AMERICA-EURO-SA-SOUTH
KJ754939/BGD/cattle/2013/A,BGD,cattle,2013,A,ASIA
KF985189/BGD/cattle/2013/O,BGD,cattle,2013,O,MIDDLE-EAST-SOUTH-ASIA-ME-SA
KC588943/KOR/cattle/2010/A,KOR,cattle,2010,A,ASIA
KF694746/KOR/pig/2002/O,KOR,pig,2002,O,MIDDLE-EAST-SOUTH-ASIA-ME-SA
KF694745/KOR/pig/2002/O,KOR,pig,2002,O,MIDDLE-EAST-SOUTH-ASIA-ME-SA
KF694744/KOR/cow/2002/O,KOR,cow,2002,O,MIDDLE-EAST-SOUTH-ASIA-ME-SA
KF694743/KOR/pig/2002/O,KOR,pig,2002,O,MIDDLE-EAST-SOUTH-ASIA-ME-SA
KF694742/KOR/pig/2002/O,KOR,pig,2002,O,MIDDLE-EAST-SOUTH-ASIA-ME-SA
KF694741/KOR/pig/2002/O,KOR,pig,2002,O,MIDDLE-EAST-SOUTH-ASIA-ME-SA
KF694740/KOR/pig/2002/O,KOR,pig,2002,O,MIDDLE-EAST-SOUTH-ASIA-ME-SA
KF694739/KOR/pig/2002/O,KOR,pig,2002,O,MIDDLE-EAST-SOUTH-ASIA-ME-SA
KF694738/KOR/pig/2002/O,KOR,pig,2002,O,MIDDLE-EAST-SOUTH-ASIA-ME-SA
KF694737/KOR/pig/2002/O,KOR,pig,2002,O,MIDDLE-EAST-SOUTH-ASIA-ME-SA
KF694736/KOR/pig/2002/O,KOR,pig,2002,O,MIDDLE-EAST-SOUTH-ASIA-ME-SA
KF694735/KOR/pig/2002/O,KOR,pig,2002,O,MIDDLE-EAST-SOUTH-ASIA-ME-SA
KF694734/KOR/pig/2002/O,KOR,pig,2002,O,MIDDLE-EAST-SOUTH-ASIA-ME-SA
KF694733/KOR/pig/2002/O,KOR,pig,2002,O,MIDDLE-EAST-SOUTH-ASIA-ME-SA
KF694732/KOR/pig/2002/O,KOR,pig,2002,O,MIDDLE-EAST-SOUTH-ASIA-ME-SA
KF694731/KOR/pig/2002/O,KOR,pig,2002,O,MIDDLE-EAST-SOUTH-ASIA-ME-SA
KF112889/HKG/pig/2010/O,HKG,pig,2010,O,III-NORTHWEST-ZIMBABWE-NWZ
KF112888/KOR/cattle/2011/O,KOR,cattle,2011,O,III-NORTHWEST-ZIMBABWE-NWZ
KF112887/KOR/pig/2010/O,KOR,pig,2010,O,III-NORTHWEST-ZIMBABWE-NWZ
KF112886/KOR/cattle/2010/O,KOR,cattle,2010,O,III-NORTHWEST-ZIMBABWE-NWZ
KF112885/JPN/cattle/2010/O,JPN,cattle,2010,O,III-NORTHWEST-ZIMBABWE-NWZ
KF112884/RUS/cattle/2010/O,RUS,cattle,2010,O,III-NORTHWEST-ZIMBABWE-NWZ
KF112883/RUS/pig/2010/O,RUS,pig,2010,O,III-NORTHWEST-ZIMBABWE-NWZ
KF112882/MNG/cattle/2010/O,MNG,cattle,2010,O,III-NORTHWEST-ZIMBABWE-NWZ
KF112881/MNG/cattle/2010/O,MNG,cattle,2010,O,III-NORTHWEST-ZIMBABWE-NWZ
KF112880/MMR/cattle/2009/O,MMR,cattle,2009,O,III-NORTHWEST-ZIMBABWE-NWZ
KF112879/THA/pig/2009/O,THA,pig,2009,O,III-NORTHWEST-ZIMBABWE-NWZ
KC462884/CHN/pig/2006/Asia1,CHN,pig,2006,Asia1,ASIA
JX040501/ISR/cattle/2011/O,ISR,cattle,2011,O,MIDDLE-EAST-SOUTH-ASIA-ME-SA
JX040500/TUR/cattle/2011/O,TUR,cattle,2011,O,MIDDLE-EAST-SOUTH-ASIA-ME-SA
JX040499/TUR/cattle/2011/O,TUR,cattle,2011,O,MIDDLE-EAST-SOUTH-ASIA-ME-SA
JX040498/TUR/cattle/2010/O,TUR,cattle,2010,O,MIDDLE-EAST-SOUTH-ASIA-ME-SA
JX040497/TUR/cattle/2010/O,TUR,cattle,2010,O,MIDDLE-EAST-SOUTH-ASIA-ME-SA
JX040496/TUR/cattle/2010/O,TUR,cattle,2010,O,MIDDLE-EAST-SOUTH-ASIA-ME-SA
JX040495/TUR/cattle/2010/O,TUR,cattle,2010,O,MIDDLE-EAST-SOUTH-ASIA-ME-SA
JX040494/TUR/cattle/2010/O,TUR,cattle,2010,O,MIDDLE-EAST-SOUTH-ASIA-ME-SA
JX040493/TUR/cattle/2010/O,TUR,cattle,2010,O,MIDDLE-EAST-SOUTH-ASIA-ME-SA
JX040492/TUR/cattle/2010/O,TUR,cattle,2010,O,MIDDLE-EAST-SOUTH-ASIA-ME-SA
JX040491/TUR/cattle/2010/O,TUR,cattle,2010,O,MIDDLE-EAST-SOUTH-ASIA-ME-SA
JX040490/BGR/cattle/2011/O,BGR,cattle,2011,O,MIDDLE-EAST-SOUTH-ASIA-ME-SA
JX040489/BGR/cattle/2011/O,BGR,cattle,2011,O,MIDDLE-EAST-SOUTH-ASIA-ME-SA
JX040488/BGR/cattle/2011/O,BGR,cattle,2011,O,MIDDLE-EAST-SOUTH-ASIA-ME-SA
JX040487/BGR/cattle/2011/O,BGR,cattle,2011,O,MIDDLE-EAST-SOUTH-ASIA-ME-SA
JX040486/BGR/cattle/2011/O,BGR,cattle,2011,O,MIDDLE-EAST-SOUTH-ASIA-ME-SA
JX040485/BGR/pig/2010/O,BGR,pig,2010,O,MIDDLE-EAST-SOUTH-ASIA-ME-SA
JX066665/BGR/cattle/2011/O,BGR,cattle,2011,O,MIDDLE-EAST-SOUTH-ASIA-ME-SA
JX066664/BGR/cattle/2011/O,BGR,cattle,2011,O,MIDDLE-EAST-SOUTH-ASIA-ME-SA
JX570655/GBR/cattle/2007/O,GBR,cattle,2007,O,EUROPE-SOUTH-AMERICA-EURO-SA-SOUTH
JX570654/GBR/cattle/2007/O,GBR,cattle,2007,O,EUROPE-SOUTH-AMERICA-EURO-SA-SOUTH
JX570653/GBR/cattle/2007/O,GBR,cattle,2007,O,EUROPE-SOUTH-AMERICA-EURO-SA-SOUTH
JX570652/GBR/cattle/2007/O,GBR,cattle,2007,O,EUROPE-SOUTH-AMERICA-EURO-SA-SOUTH
JX570651/GBR/cattle/2007/O,GBR,cattle,2007,O,EUROPE-SOUTH-AMERICA-EURO-SA-SOUTH
JX570650/GBR/cattle/2007/O,GBR,cattle,2007,O,EUROPE-SOUTH-AMERICA-EURO-SA-SOUTH
JX570649/GBR/cattle/2007/O,GBR,cattle,2007,O,EUROPE-SOUTH-AMERICA-EURO-SA-SOUTH
JX570648/GBR/cattle/2007/O,GBR,cattle,2007,O,EUROPE-SOUTH-AMERICA-EURO-SA-SOUTH
JX570647/GBR/cattle/2007/O,GBR,cattle,2007,O,EUROPE-SOUTH-AMERICA-EURO-SA-SOUTH
JX570646/GBR/cattle/2007/O,GBR,cattle,2007,O,EUROPE-SOUTH-AMERICA-EURO-SA-SOUTH
JX570645/GBR/cattle/2007/O,GBR,cattle,2007,O,EUROPE-SOUTH-AMERICA-EURO-SA-SOUTH
JX570644/GBR/cattle/2007/O,GBR,cattle,2007,O,EUROPE-SOUTH-AMERICA-EURO-SA-SOUTH
JX570643/GBR/cattle/2007/O,GBR,cattle,2007,O,EUROPE-SOUTH-AMERICA-EURO-SA-SOUTH
JX570642/GBR/cattle/2007/O,GBR,cattle,2007,O,EUROPE-SOUTH-AMERICA-EURO-SA-SOUTH
JX570641/GBR/cattle/2007/O,GBR,cattle,2007,O,EUROPE-SOUTH-AMERICA-EURO-SA-SOUTH
JX570640/GBR/cattle/2007/O,GBR,cattle,2007,O,EUROPE-SOUTH-AMERICA-EURO-SA-SOUTH
JX570639/GBR/cattle/2007/O,GBR,cattle,2007,O,EUROPE-SOUTH-AMERICA-EURO-SA-SOUTH
JX570638/GBR/cattle/2007/O,GBR,cattle,2007,O,EUROPE-SOUTH-AMERICA-EURO-SA-SOUTH
JX014256/PSE/cattle/2012/SAT2,PSE,cattle,2012,SAT2,VII
JX014255/EGY/Unknown/2012/SAT2,EGY,Unknown,2012,SAT2,VII
JN998086/CHN/cattle/2010/O,CHN,cattle,2010,O,III-NORTHWEST-ZIMBABWE-NWZ
JN998085/CHN/pig/2010/O,CHN,pig,2010,O,III-NORTHWEST-ZIMBABWE-NWZ
JN006722/Unknown/Unknown/2008/A,Unknown,Unknown,2008,A,ASIA
JN006720/Unknown/Unknown/2009/Asia1,Unknown,Unknown,2009,Asia1,ASIA
JN006719/Unknown/Unknown/2008/Asia1,Unknown,Unknown,2008,Asia1,ASIA
HQ631363/CHN/pig/2006/Asia1,CHN,pig,2006,Asia1,ASIA
HQ632774/MYS/cattle/1999/Asia1,MYS,cattle,1999,Asia1,ASIA
HQ632773/MYS/cattle/2007/A,MYS,cattle,2007,A,ASIA
HQ632772/MYS/cattle/2007/O,MYS,cattle,2007,O,III-NORTHWEST-ZIMBABWE-NWZ
HQ632771/MYS/pig/2005/O,MYS,pig,2005,O,CATHAY
HQ632770/MYS/cattle/2004/O,MYS,cattle,2004,O,MIDDLE-EAST-SOUTH-ASIA-ME-SA
HQ632769/MYS/cattle/2001/O,MYS,cattle,2001,O,III-NORTHWEST-ZIMBABWE-NWZ
HQ632768/MYS/pig/2000/O,MYS,pig,2000,O,MIDDLE-EAST-SOUTH-ASIA-ME-SA
GU582116/VNM/Unknown/2009/O,VNM,Unknown,2009,O,III-NORTHWEST-ZIMBABWE-NWZ
GU582115/VNM/Unknown/2009/O,VNM,Unknown,2009,O,III-NORTHWEST-ZIMBABWE-NWZ
FJ906802/CHN/pig/2006/Asia1,CHN,pig,2006,Asia1,ASIA
GQ406252/VNM/buffalo/2009/A,VNM,buffalo,2009,A,ASIA
GQ406251/VNM/pig/2009/A,VNM,pig,2009,A,ASIA
GQ406250/VNM/cattle/2009/A,VNM,cattle,2009,A,ASIA
GQ406249/VNM/cattle/2009/A,VNM,cattle,2009,A,ASIA
GQ406248/VNM/cattle/2009/A,VNM,cattle,2009,A,ASIA
GQ406247/VNM/cattle/2009/A,VNM,cattle,2009,A,ASIA
GU931682/CHN/cow/2005/Asia1,CHN,cow,2005,Asia1,ASIA
HQ113233/AFG/cow/2009/Asia1,AFG,cow,2009,Asia1,ASIA
HQ113232/PAK/cow/2009/O,PAK,cow,2009,O,MIDDLE-EAST-SOUTH-ASIA-ME-SA
HM067706/UGA/african-buffalo/2007/SAT1,UGA,african-buffalo,2007,SAT1,IV-EAST-AFRICA1-EA-1
HM067705/UGA/african-buffalo/2007/SAT2,UGA,african-buffalo,2007,SAT2,X
HM067704/UGA/african-buffalo/2007/SAT2,UGA,african-buffalo,2007,SAT2,X
GQ452295/VNM/cattle/2007/Asia1,VNM,cattle,2007,Asia1,ASIA
HM008917/CHN/pig/2005/O,CHN,pig,2005,O,MIDDLE-EAST-SOUTH-ASIA-ME-SA
HQ009509/CHN/pig/1999/O,CHN,pig,1999,O,MIDDLE-EAST-SOUTH-ASIA-ME-SA
HM191257/UGA/cow/2006/O,UGA,cow,2006,O,EAST-AFRICA-2-EA-2
GU125650/VNM/cattle/2006/O,VNM,cattle,2006,O,III-NORTHWEST-ZIMBABWE-NWZ
GU125649/VNM/cattle/2006/O,VNM,cattle,2006,O,III-NORTHWEST-ZIMBABWE-NWZ
GU125648/VNM/buffalo/2006/O,VNM,buffalo,2006,O,III-NORTHWEST-ZIMBABWE-NWZ
GU125647/VNM/cattle/2006/O,VNM,cattle,2006,O,III-NORTHWEST-ZIMBABWE-NWZ
GU125646/VNM/buffalo/2005/Asia1,VNM,buffalo,2005,Asia1,ASIA
GU125645/VNM/cattle/2007/Asia1,VNM,cattle,2007,Asia1,ASIA
HM055510/VNM/Unknown/2009/O,VNM,Unknown,2009,O,III-NORTHWEST-ZIMBABWE-NWZ
FJ542372/GBR/cattle/2001/O,GBR,cattle,2001,O,MIDDLE-EAST-SOUTH-ASIA-ME-SA
FJ542371/GBR/cattle/2001/O,GBR,cattle,2001,O,MIDDLE-EAST-SOUTH-ASIA-ME-SA
FJ542370/GBR/cattle/2001/O,GBR,cattle,2001,O,MIDDLE-EAST-SOUTH-ASIA-ME-SA
FJ542369/GBR/sheep/2001/O,GBR,sheep,2001,O,MIDDLE-EAST-SOUTH-ASIA-ME-SA
FJ542368/GBR/cattle/2001/O,GBR,cattle,2001,O,MIDDLE-EAST-SOUTH-ASIA-ME-SA
FJ542367/GBR/cattle/2001/O,GBR,cattle,2001,O,MIDDLE-EAST-SOUTH-ASIA-ME-SA
FJ542366/GBR/sheep/2001/O,GBR,sheep,2001,O,MIDDLE-EAST-SOUTH-ASIA-ME-SA
FJ542365/GBR/cattle/2001/O,GBR,cattle,2001,O,MIDDLE-EAST-SOUTH-ASIA-ME-SA
EU214601/GBR/sheep/2001/O,GBR,sheep,2001,O,MIDDLE-EAST-SOUTH-ASIA-ME-SA
EF614457/KOR/cattle/2002/O,KOR,cattle,2002,O,MIDDLE-EAST-SOUTH-ASIA-ME-SA
EF494488/PAK/cattle/2006/A,PAK,cattle,2006,A,ASIA
EF494487/PAK/cattle/2006/A,PAK,cattle,2006,A,ASIA
DQ989323/IND/cattle/2002/Asia1,IND,cattle,2002,Asia1,ASIA
DQ989322/IND/cattle/2002/Asia1,IND,cattle,2002,Asia1,ASIA
DQ989321/IND/cattle/2001/Asia1,IND,cattle,2001,Asia1,ASIA
DQ989320/IND/cattle/2002/Asia1,IND,cattle,2002,Asia1,ASIA
DQ989319/IND/cattle/2001/Asia1,IND,cattle,2001,Asia1,ASIA
DQ989318/IND/cattle/2002/Asia1,IND,cattle,2002,Asia1,ASIA
DQ989317/IND/buffalo/2000/Asia1,IND,buffalo,2000,Asia1,ASIA
DQ989315/IND/cattle/1993/Asia1,IND,cattle,1993,Asia1,ASIA
DQ989314/IND/cattle/2001/Asia1,IND,cattle,2001,Asia1,ASIA
DQ989313/IND/buffalo/1986/Asia1,IND,buffalo,1986,Asia1,ASIA
DQ989312/IND/sheep/1990/Asia1,IND,sheep,1990,Asia1,ASIA
DQ989311/IND/buffalo/2002/Asia1,IND,buffalo,2002,Asia1,ASIA
DQ989310/IND/cattle/1999/Asia1,IND,cattle,1999,Asia1,ASIA
DQ989309/IND/cattle/1996/Asia1,IND,cattle,1996,Asia1,ASIA
DQ989308/IND/cattle/1994/Asia1,IND,cattle,1994,Asia1,ASIA
DQ989307/IND/cattle/1992/Asia1,IND,cattle,1992,Asia1,ASIA
DQ989306/IND/cattle/1986/Asia1,IND,cattle,1986,Asia1,ASIA
DQ989305/IND/cattle/1990/Asia1,IND,cattle,1990,Asia1,ASIA
DQ989304/IND/cattle/2000/Asia1,IND,cattle,2000,Asia1,ASIA
DQ989303/IND/cattle/1993/Asia1,IND,cattle,1993,Asia1,ASIA
AY593853/BWA/Unknown/1965/SAT3,BWA,Unknown,1965,SAT3,II-WESTERN-ZIMBABWE-WZ
AY593852/KEN/Unknown/1960/SAT3,KEN,Unknown,1960,SAT3,II-WESTERN-ZIMBABWE-WZ
AY593851/BWA/Unknown/1961/SAT3,BWA,Unknown,1961,SAT3,II-WESTERN-ZIMBABWE-WZ
AY593850/ZAF/Unknown/1959/SAT3,ZAF,Unknown,1959,SAT3,I-SOUTHEAST-ZIMBABWE-SEZ
AY593849/KEN/Unknown/1960/SAT2,KEN,Unknown,1960,SAT2,IX
AY593848/Unknown/Unknown/1967/SAT2,Unknown,Unknown,1967,SAT2,I
AY593847/ZWE/Unknown/1948/SAT2,ZWE,Unknown,1948,SAT2,III
AY593846/ZWE/Unknown/1966/SAT1,ZWE,Unknown,1966,SAT1,ASIA
AY593845/BWA/Unknown/1968/SAT1,BWA,Unknown,1968,SAT1,III-WESTERN-ZIMBABWE-WZ
AY593844/ISR/Unknown/1962/SAT1,ISR,Unknown,1962,SAT1,VI
AY593843/NAM/Unknown/1940/SAT1,NAM,Unknown,1940,SAT1,III-WESTERN-ZIMBABWE-WZ
AY593842/ZAF/Unknown/1961/SAT1,ZAF,Unknown,1961,SAT1,III-WESTERN-ZIMBABWE-WZ
AY593841/ZWE/Unknown/1958/SAT1,ZWE,Unknown,1958,SAT1,III-WESTERN-ZIMBABWE-WZ
AY593840/NAM/Unknown/1949/SAT1,NAM,Unknown,1949,SAT1,III-WESTERN-ZIMBABWE-WZ
AY593838/BWA/Unknown/1970/SAT1,BWA,Unknown,1970,SAT1,III-WESTERN-ZIMBABWE-WZ
AY593837/URY/Unknown/1963/O,URY,Unknown,1963,O,EUROPE-SOUTH-AMERICA-EURO-SA-SOUTH
AY593836/GBR/Unknown/2001/O,GBR,Unknown,2001,O,MIDDLE-EAST-SOUTH-ASIA-ME-SA
AY593835/TWN/Unknown/1997/O,TWN,Unknown,1997,O,CATHAY
AY593834/IRN/Unknown/1966/O,IRN,Unknown,1966,O,III-NORTHWEST-ZIMBABWE-NWZ
AY593833/TWN/Unknown/1999/O,TWN,Unknown,1999,O,CATHAY
AY593832/GBR/Unknown/2002/O,GBR,Unknown,2002,O,MIDDLE-EAST-SOUTH-ASIA-ME-SA
AY593831/GBR/Unknown/2002/O,GBR,Unknown,2002,O,MIDDLE-EAST-SOUTH-ASIA-ME-SA
AY593830/POL/Unknown/1959/O,POL,Unknown,1959,O,EUROPE-SOUTH-AMERICA-EURO-SA-SOUTH
AY593829/GBR/Unknown/1965/O,GBR,Unknown,1965,O,EUROPE-SOUTH-AMERICA-EURO-SA-SOUTH
AY593828/IND/Unknown/1962/O,IND,Unknown,1962,O,III-NORTHWEST-ZIMBABWE-NWZ
AY593827/VEN/Unknown/1971/O,VEN,Unknown,1971,O,EUROPE-SOUTH-AMERICA-EURO-SA-SOUTH
AY593826/ITA/Unknown/1947/O,ITA,Unknown,1947,O,EUROPE-SOUTH-AMERICA-EURO-SA-SOUTH
AY593825/ARG/Unknown/1939/O,ARG,Unknown,1939,O,EUROPE-SOUTH-AMERICA-EURO-SA-SOUTH
AY593824/KOR/Unknown/2000/O,KOR,Unknown,2000,O,MIDDLE-EAST-SOUTH-ASIA-ME-SA
AY593823/TUR/Unknown/1969/O,TUR,Unknown,1969,O,MIDDLE-EAST-SOUTH-ASIA-ME-SA
AY593821/ARG/Unknown/1967/O,ARG,Unknown,1967,O,EUROPE-SOUTH-AMERICA-EURO-SA-SOUTH
AY593820/ARG/Unknown/1964/O,ARG,Unknown,1964,O,EUROPE-SOUTH-AMERICA-EURO-SA-SOUTH
AY593818/ARG/Unknown/1958/O,ARG,Unknown,1958,O,EUROPE-SOUTH-AMERICA-EURO-SA-SOUTH
AY593817/BEL/Unknown/1973/O,BEL,Unknown,1973,O,EUROPE-SOUTH-AMERICA-EURO-SA-SOUTH
AY593814/ARG/Unknown/1965/O,ARG,Unknown,1965,O,EUROPE-SOUTH-AMERICA-EURO-SA-SOUTH
AY593813/IDN/Unknown/1962/O,IDN,Unknown,1962,O,INDONESIA-1-ISA-1-1
AY593812/PHL/Unknown/1958/O,PHL,Unknown,1958,O,III-NORTHWEST-ZIMBABWE-NWZ
AY593811/PHL/Unknown/1958/O,PHL,Unknown,1958,O,III-NORTHWEST-ZIMBABWE-NWZ
AY593810/GBR/Unknown/1970/C,GBR,Unknown,1970,C,V-East-Africa-EA
AY593803/BRA/Unknown/1979/A,BRA,Unknown,1979,A,EUROPE-SOUTH-AMERICA-EURO-SA-SOUTH
AY593802/URY/Unknown/2001/A,URY,Unknown,2001,A,EUROPE-SOUTH-AMERICA-EURO-SA-SOUTH
AY593801/URY/Unknown/1968/A,URY,Unknown,1968,A,EUROPE-SOUTH-AMERICA-EURO-SA-SOUTH
AY593800/LBN/Unknown/1983/Asia1,LBN,Unknown,1983,Asia1,ASIA
AY593799/LBN/Unknown/1983/Asia1,LBN,Unknown,1983,Asia1,ASIA
AY593798/LBN/Unknown/1983/Asia1,LBN,Unknown,1983,Asia1,ASIA
AY593796/ISR/Unknown/1963/Asia1,ISR,Unknown,1963,Asia1,ASIA
AY593795/PAK/Unknown/1954/Asia1,PAK,Unknown,1954,Asia1,ASIA
AY593794/COL/Unknown/1985/A,COL,Unknown,1985,A,EUROPE-SOUTH-AMERICA-EURO-SA-SOUTH
AY593793/PHL/Unknown/1975/A,PHL,Unknown,1975,A,EUROPE-SOUTH-AMERICA-EURO-SA-SOUTH
AY593792/ITA/Unknown/1962/A,ITA,Unknown,1962,A,EUROPE-SOUTH-AMERICA-EURO-SA-SOUTH
AY593791/IRN/Unknown/1998/A,IRN,Unknown,1998,A,ASIA
AY593790/ARG/Unknown/2001/A,ARG,Unknown,2001,A,EUROPE-SOUTH-AMERICA-EURO-SA-SOUTH
AY593789/ARG/Unknown/1961/A,ARG,Unknown,1961,A,EUROPE-SOUTH-AMERICA-EURO-SA-SOUTH
AY593788/BRA/Unknown/1958/A,BRA,Unknown,1958,A,EUROPE-SOUTH-AMERICA-EURO-SA-SOUTH
AY593786/ARG/Unknown/2001/A,ARG,Unknown,2001,A,EUROPE-SOUTH-AMERICA-EURO-SA-SOUTH
AY593785/ARG/Unknown/2001/A,ARG,Unknown,2001,A,EUROPE-SOUTH-AMERICA-EURO-SA-SOUTH
AY593784/ARG/Unknown/2001/A,ARG,Unknown,2001,A,EUROPE-SOUTH-AMERICA-EURO-SA-SOUTH
AY593783/ARG/Unknown/2001/A,ARG,Unknown,2001,A,EUROPE-SOUTH-AMERICA-EURO-SA-SOUTH
AY593782/ARG/Unknown/2000/A,ARG,Unknown,2000,A,EUROPE-SOUTH-AMERICA-EURO-SA-SOUTH
AY593781/DEU/Unknown/1951/A,DEU,Unknown,1951,A,EUROPE-SOUTH-AMERICA-EURO-SA-SOUTH
AY593780/FRA/Unknown/1960/A,FRA,Unknown,1960,A,EUROPE-SOUTH-AMERICA-EURO-SA-SOUTH
AY593779/DEU/Unknown/1972/A,DEU,Unknown,1972,A,EUROPE-SOUTH-AMERICA-EURO-SA-SOUTH
AY593776/DEU/Unknown/1968/A,DEU,Unknown,1968,A,EUROPE-SOUTH-AMERICA-EURO-SA-SOUTH
AY593775/VEN/Unknown/1970/A,VEN,Unknown,1970,A,EUROPE-SOUTH-AMERICA-EURO-SA-SOUTH
AY593774/ESP/Unknown/1969/A,ESP,Unknown,1969,A,EUROPE-SOUTH-AMERICA-EURO-SA-SOUTH
AY593773/PER/Unknown/1969/A,PER,Unknown,1969,A,EUROPE-SOUTH-AMERICA-EURO-SA-SOUTH
AY593772/TUR/Unknown/1972/A,TUR,Unknown,1972,A,ASIA
AY593771/COL/Unknown/1967/A,COL,Unknown,1967,A,EUROPE-SOUTH-AMERICA-EURO-SA-SOUTH
AY593770/ARG/Unknown/1966/A,ARG,Unknown,1966,A,EUROPE-SOUTH-AMERICA-EURO-SA-SOUTH
AY593769/ARG/Unknown/1959/A,ARG,Unknown,1959,A,EUROPE-SOUTH-AMERICA-EURO-SA-SOUTH
AY593768/BRA/Unknown/1955/A,BRA,Unknown,1955,A,EUROPE-SOUTH-AMERICA-EURO-SA-SOUTH
AY593767/ARG/Unknown/1965/A,ARG,Unknown,1965,A,EUROPE-SOUTH-AMERICA-EURO-SA-SOUTH
AY593766/KEN/Unknown/1965/A,KEN,Unknown,1965,A,?'
AY593765/TUR/Unknown/1965/A,TUR,Unknown,1965,A,ASIA
AY593764/IRQ/Unknown/1970/A,IRQ,Unknown,1970,A,ASIA
AY593763/IRQ/Unknown/1964/A,IRQ,Unknown,1964,A,ASIA
AY593762/IRQ/Unknown/1964/A,IRQ,Unknown,1964,A,ASIA
AY593761/KEN/Unknown/1964/A,KEN,Unknown,1964,A,AFRICA
AY593760/RUS/Unknown/1964/A,RUS,Unknown,1964,A,EUROPE-SOUTH-AMERICA-EURO-SA-SOUTH
AY593759/DEU/Unknown/1971/A,DEU,Unknown,1971,A,EUROPE-SOUTH-AMERICA-EURO-SA-SOUTH
AY593758/VEN/Unknown/1967/A,VEN,Unknown,1967,A,EUROPE-SOUTH-AMERICA-EURO-SA-SOUTH
AY593757/BRA/Unknown/1967/A,BRA,Unknown,1967,A,EUROPE-SOUTH-AMERICA-EURO-SA-SOUTH
AY593756/BRA/Unknown/1959/A,BRA,Unknown,1959,A,EUROPE-SOUTH-AMERICA-EURO-SA-SOUTH
AY593755/THA/Unknown/1960/A,THA,Unknown,1960,A,ASIA
AY593754/ESP/Unknown/1959/A,ESP,Unknown,1959,A,EUROPE-SOUTH-AMERICA-EURO-SA-SOUTH
AY593753/BRA/Unknown/1958/A,BRA,Unknown,1958,A,EUROPE-SOUTH-AMERICA-EURO-SA-SOUTH
AY593751/NLD/Unknown/1942/A,NLD,Unknown,1942,A,EUROPE-SOUTH-AMERICA-EURO-SA-SOUTH
AF511039/Unknown/Unknown/1958/O,Unknown,Unknown,1958,O,CATHAY
EF175732/CHN/Unknown/1999/O,CHN,Unknown,1999,O,CATHAY
DQ404180/GBR/pig/2001/O,GBR,pig,2001,O,MIDDLE-EAST-SOUTH-ASIA-ME-SA
DQ404179/GBR/pig/2001/O,GBR,pig,2001,O,MIDDLE-EAST-SOUTH-ASIA-ME-SA
DQ404178/GBR/pig/2001/O,GBR,pig,2001,O,MIDDLE-EAST-SOUTH-ASIA-ME-SA
DQ404177/GBR/pig/2001/O,GBR,pig,2001,O,MIDDLE-EAST-SOUTH-ASIA-ME-SA
DQ404176/GBR/cow/2001/O,GBR,cow,2001,O,MIDDLE-EAST-SOUTH-ASIA-ME-SA
DQ404175/GBR/cow/2001/O,GBR,cow,2001,O,MIDDLE-EAST-SOUTH-ASIA-ME-SA
DQ404174/IRL/sheep/2001/O,IRL,sheep,2001,O,MIDDLE-EAST-SOUTH-ASIA-ME-SA
DQ404173/GBR/cow/2001/O,GBR,cow,2001,O,MIDDLE-EAST-SOUTH-ASIA-ME-SA
DQ404172/GBR/cow/2001/O,GBR,cow,2001,O,MIDDLE-EAST-SOUTH-ASIA-ME-SA
DQ404171/GBR/sheep/2001/O,GBR,sheep,2001,O,MIDDLE-EAST-SOUTH-ASIA-ME-SA
DQ404169/GBR/sheep/2001/O,GBR,sheep,2001,O,MIDDLE-EAST-SOUTH-ASIA-ME-SA
DQ404170/GBR/sheep/2001/O,GBR,sheep,2001,O,MIDDLE-EAST-SOUTH-ASIA-ME-SA
DQ404168/GBR/cow/2001/O,GBR,cow,2001,O,MIDDLE-EAST-SOUTH-ASIA-ME-SA
DQ404167/GBR/sheep/2001/O,GBR,sheep,2001,O,MIDDLE-EAST-SOUTH-ASIA-ME-SA
DQ404166/GBR/cow/2001/O,GBR,cow,2001,O,MIDDLE-EAST-SOUTH-ASIA-ME-SA
DQ404165/GBR/cow/2001/O,GBR,cow,2001,O,MIDDLE-EAST-SOUTH-ASIA-ME-SA
DQ404164/GBR/cow/2001/O,GBR,cow,2001,O,MIDDLE-EAST-SOUTH-ASIA-ME-SA
DQ404163/GBR/cow/2001/O,GBR,cow,2001,O,MIDDLE-EAST-SOUTH-ASIA-ME-SA
DQ404162/GBR/sheep/2001/O,GBR,sheep,2001,O,MIDDLE-EAST-SOUTH-ASIA-ME-SA
DQ404161/GBR/cow/2001/O,GBR,cow,2001,O,MIDDLE-EAST-SOUTH-ASIA-ME-SA
DQ404160/GBR/cow/2001/O,GBR,cow,2001,O,MIDDLE-EAST-SOUTH-ASIA-ME-SA
DQ404159/GBR/cow/2001/O,GBR,cow,2001,O,MIDDLE-EAST-SOUTH-ASIA-ME-SA
DQ404158/GBR/sheep/2001/O,GBR,sheep,2001,O,MIDDLE-EAST-SOUTH-ASIA-ME-SA
AY390432/Unknown/Unknown/2005/Asia1,Unknown,Unknown,2005,Asia1,ASIA
AF026168/TWN/Unknown/1997/O,TWN,Unknown,1997,O,CATHAY
FJ623456/KAZ/Unknown/1999/A,KAZ,Unknown,1999,A,ASIA
AB079061/JPN/Unknown/2000/O,JPN,Unknown,2000,O,MIDDLE-EAST-SOUTH-ASIA-ME-SA
EF614458/MNG/cattle/2005/Asia1,MNG,cattle,2005,Asia1,ASIA
EU448381/GBR/cow/2007/O,GBR,cow,2007,O,EUROPE-SOUTH-AMERICA-EURO-SA-SOUTH
EU448380/GBR/cow/2007/O,GBR,cow,2007,O,EUROPE-SOUTH-AMERICA-EURO-SA-SOUTH
EU448379/GBR/cow/2007/O,GBR,cow,2007,O,EUROPE-SOUTH-AMERICA-EURO-SA-SOUTH
EU448378/GBR/sheep/2007/O,GBR,sheep,2007,O,EUROPE-SOUTH-AMERICA-EURO-SA-SOUTH
EU448377/GBR/cow/2007/O,GBR,cow,2007,O,EUROPE-SOUTH-AMERICA-EURO-SA-SOUTH
EU448376/GBR/cow/2007/O,GBR,cow,2007,O,EUROPE-SOUTH-AMERICA-EURO-SA-SOUTH
EU448375/GBR/cow/2007/O,GBR,cow,2007,O,EUROPE-SOUTH-AMERICA-EURO-SA-SOUTH
EU448374/GBR/cow/2007/O,GBR,cow,2007,O,EUROPE-SOUTH-AMERICA-EURO-SA-SOUTH
EU448373/GBR/cow/2007/O,GBR,cow,2007,O,EUROPE-SOUTH-AMERICA-EURO-SA-SOUTH
EU448372/GBR/cow/2007/O,GBR,cow,2007,O,EUROPE-SOUTH-AMERICA-EURO-SA-SOUTH
EU448371/GBR/cow/2007/O,GBR,cow,2007,O,EUROPE-SOUTH-AMERICA-EURO-SA-SOUTH
EU448370/GBR/cow/1967/O,GBR,cow,1967,O,EUROPE-SOUTH-AMERICA-EURO-SA-SOUTH
EU448369/GBR/cow/1967/O,GBR,cow,1967,O,EUROPE-SOUTH-AMERICA-EURO-SA-SOUTH
EU448368/GBR/cow/1967/O,GBR,cow,1967,O,EUROPE-SOUTH-AMERICA-EURO-SA-SOUTH
EF494486/TUR/cattle/2005/A,TUR,cattle,2005,A,ASIA
EF149010/CHN/Unknown/2005/Asia1,CHN,Unknown,2005,Asia1,ASIA
EF149009/CHN/Unknown/2005/Asia1,CHN,Unknown,2005,Asia1,ASIA
X74812/Unknown/Unknown/1965/C,Unknown,Unknown,1965,C,EUROPE-SOUTH-AMERICA-EURO-SA-SOUTH
AJ539141/GBR/Unknown/2001/O,GBR,Unknown,2001,O,MIDDLE-EAST-SOUTH-ASIA-ME-SA
AJ539140/ZAF/Unknown/2000/O,ZAF,Unknown,2000,O,MIDDLE-EAST-SOUTH-ASIA-ME-SA
AJ539139/KOR/Unknown/2000/O,KOR,Unknown,2000,O,MIDDLE-EAST-SOUTH-ASIA-ME-SA
AJ539138/CHN/Unknown/1999/O,CHN,Unknown,1999,O,MIDDLE-EAST-SOUTH-ASIA-ME-SA
AJ539137/TWN/Unknown/1999/O,TWN,Unknown,1999,O,MIDDLE-EAST-SOUTH-ASIA-ME-SA
AJ539136/TWN/Unknown/1999/O,TWN,Unknown,1999,O,MIDDLE-EAST-SOUTH-ASIA-ME-SA
AJ251473/KEN/Unknown/1957/SAT2,KEN,Unknown,1957,SAT2,IX
AJ633821/FRA/Unknown/2001/O,FRA,Unknown,2001,O,MIDDLE-EAST-SOUTH-ASIA-ME-SA
AY317098/Unknown/Unknown/2002/O,Unknown,Unknown,2002,O,CATHAY
OQ427393/Unknown/cow/2009/C,Unknown,cow,2009,C,EUROPE-SOUTH-AMERICA-EURO-SA-SOUTH
OQ356337/PAK/cow/2006/Asia1,PAK,cow,2006,Asia1,ASIA
OQ383267/BRA/cow/1963/C,BRA,cow,1963,C,EUROPE-SOUTH-AMERICA-EURO-SA-SOUTH
OQ383266/GBR/Unknown/2002/C,GBR,Unknown,2002,C,V-East-Africa-EA
OQ383265/NLD/cow/2000/C,NLD,cow,2000,C,EUROPE-SOUTH-AMERICA-EURO-SA-SOUTH
OQ356339/GBR/cow/1987/C,GBR,cow,1987,C,V-East-Africa-EA
OQ356338/ISR/cow/2006/Asia1,ISR,cow,2006,Asia1,ASIA
OM562602/KEN/cow/2014/SAT1,KEN,cow,2014,SAT1,I-NORTHWEST-ZIMBABWE-NWZ
OM562601/KEN/cow/2014/SAT1,KEN,cow,2014,SAT1,I-NORTHWEST-ZIMBABWE-NWZ
OM562600/KEN/cow/2016/SAT2,KEN,cow,2016,SAT2,IV
OM562599/KEN/cow/2016/SAT2,KEN,cow,2016,SAT2,IV
OM562598/KEN/cow/2016/SAT2,KEN,cow,2016,SAT2,IV
OM562597/KEN/cow/2016/SAT2,KEN,cow,2016,SAT2,IV
OM562596/KEN/cow/2016/SAT2,KEN,cow,2016,SAT2,IV
OM562595/KEN/cow/2016/SAT2,KEN,cow,2016,SAT2,IV
OM562593/KEN/cow/2016/SAT2,KEN,cow,2016,SAT2,IV
OM562592/KEN/cow/2016/SAT2,KEN,cow,2016,SAT2,IV
OM562591/KEN/cow/2016/SAT1,KEN,cow,2016,SAT1,I-NORTHWEST-ZIMBABWE-NWZ
OM562590/KEN/cow/2016/SAT1,KEN,cow,2016,SAT1,I-NORTHWEST-ZIMBABWE-NWZ
OM562589/KEN/cow/2016/SAT2,KEN,cow,2016,SAT2,IV
OM562588/KEN/cow/2016/SAT2,KEN,cow,2016,SAT2,IV
OM562587/KEN/cow/2016/SAT2,KEN,cow,2016,SAT2,IV
OM562586/KEN/cow/2016/SAT2,KEN,cow,2016,SAT2,IV
OM562585/KEN/cow/2016/SAT2,KEN,cow,2016,SAT2,IV
OM562584/KEN/cow/2016/SAT2,KEN,cow,2016,SAT2,IV
OM562583/KEN/cow/2016/SAT2,KEN,cow,2016,SAT2,IV
OM562582/KEN/cow/2016/SAT1,KEN,cow,2016,SAT1,I-NORTHWEST-ZIMBABWE-NWZ
OM562581/KEN/cow/2016/SAT2,KEN,cow,2016,SAT2,IV
OM562580/KEN/cow/2016/SAT2,KEN,cow,2016,SAT2,IV
OM562578/KEN/cow/2016/SAT2,KEN,cow,2016,SAT2,IV
OM562577/KEN/cow/2016/SAT2,KEN,cow,2016,SAT2,IV
OM562576/KEN/cow/2016/SAT1,KEN,cow,2016,SAT1,I-NORTHWEST-ZIMBABWE-NWZ
OM562575/KEN/cow/2016/SAT2,KEN,cow,2016,SAT2,IV
OM562572/KEN/cow/2016/SAT2,KEN,cow,2016,SAT2,IV
OM562571/KEN/cow/2016/SAT1,KEN,cow,2016,SAT1,I-NORTHWEST-ZIMBABWE-NWZ
OM562570/KEN/cow/2016/SAT2,KEN,cow,2016,SAT2,IV
OM562569/KEN/cow/2016/SAT2,KEN,cow,2016,SAT2,IV
OM562568/KEN/cow/2016/SAT2,KEN,cow,2016,SAT2,IV
OM562567/KEN/cow/2016/SAT2,KEN,cow,2016,SAT2,IV
OM562566/KEN/cow/2016/SAT1,KEN,cow,2016,SAT1,I-NORTHWEST-ZIMBABWE-NWZ
OM562565/KEN/cow/2016/SAT1,KEN,cow,2016,SAT1,I-NORTHWEST-ZIMBABWE-NWZ
OM562564/KEN/cow/2016/SAT2,KEN,cow,2016,SAT2,IV
OM562563/KEN/cow/2016/SAT1,KEN,cow,2016,SAT1,I-NORTHWEST-ZIMBABWE-NWZ
OM562562/KEN/cow/2016/SAT2,KEN,cow,2016,SAT2,IV
OM562561/KEN/cow/2016/SAT2,KEN,cow,2016,SAT2,IV
OM562560/KEN/cow/2016/SAT1,KEN,cow,2016,SAT1,I-NORTHWEST-ZIMBABWE-NWZ
OM562559/KEN/cow/2016/SAT1,KEN,cow,2016,SAT1,I-NORTHWEST-ZIMBABWE-NWZ
OM562558/KEN/cow/2016/SAT1,KEN,cow,2016,SAT1,I-NORTHWEST-ZIMBABWE-NWZ
OM562557/KEN/cow/2016/SAT1,KEN,cow,2016,SAT1,I-NORTHWEST-ZIMBABWE-NWZ
OM562556/KEN/cow/2016/SAT1,KEN,cow,2016,SAT1,I-NORTHWEST-ZIMBABWE-NWZ
OM562555/KEN/cow/2016/SAT1,KEN,cow,2016,SAT1,I-NORTHWEST-ZIMBABWE-NWZ
OM562554/KEN/cow/2016/SAT2,KEN,cow,2016,SAT2,IV
OM562553/KEN/cow/2016/SAT2,KEN,cow,2016,SAT2,IV
OM562552/KEN/cow/2016/SAT2,KEN,cow,2016,SAT2,IV
OM562551/KEN/cow/2016/SAT2,KEN,cow,2016,SAT2,IV
OM562550/KEN/cow/2016/SAT2,KEN,cow,2016,SAT2,IV
OM562549/KEN/cow/2016/SAT2,KEN,cow,2016,SAT2,IV
OM562548/KEN/cow/2016/SAT2,KEN,cow,2016,SAT2,IV
OM562547/KEN/cow/2016/SAT1,KEN,cow,2016,SAT1,I-NORTHWEST-ZIMBABWE-NWZ
OM562546/KEN/cow/2016/SAT1,KEN,cow,2016,SAT1,I-NORTHWEST-ZIMBABWE-NWZ
OM562545/KEN/cow/2016/SAT1,KEN,cow,2016,SAT1,I-NORTHWEST-ZIMBABWE-NWZ
OM562544/KEN/cow/2016/SAT2,KEN,cow,2016,SAT2,IV
OM562543/KEN/cow/2016/SAT1,KEN,cow,2016,SAT1,I-NORTHWEST-ZIMBABWE-NWZ
OM562542/KEN/cow/2016/SAT1,KEN,cow,2016,SAT1,I-NORTHWEST-ZIMBABWE-NWZ
OM562541/KEN/cow/2016/SAT1,KEN,cow,2016,SAT1,I-NORTHWEST-ZIMBABWE-NWZ
OM562540/KEN/cow/2016/SAT1,KEN,cow,2016,SAT1,I-NORTHWEST-ZIMBABWE-NWZ
OM562539/KEN/cow/2016/SAT1,KEN,cow,2016,SAT1,I-NORTHWEST-ZIMBABWE-NWZ
OM562538/KEN/cow/2016/SAT1,KEN,cow,2016,SAT1,I-NORTHWEST-ZIMBABWE-NWZ
OM562537/KEN/cow/2016/SAT1,KEN,cow,2016,SAT1,I-NORTHWEST-ZIMBABWE-NWZ
OM562536/KEN/cow/2016/SAT1,KEN,cow,2016,SAT1,I-NORTHWEST-ZIMBABWE-NWZ
OM562535/KEN/cow/2016/SAT1,KEN,cow,2016,SAT1,I-NORTHWEST-ZIMBABWE-NWZ
OM562534/KEN/cow/2016/SAT1,KEN,cow,2016,SAT1,I-NORTHWEST-ZIMBABWE-NWZ
OM562533/KEN/cow/2016/SAT1,KEN,cow,2016,SAT1,I-NORTHWEST-ZIMBABWE-NWZ
OM562532/KEN/cow/2016/SAT1,KEN,cow,2016,SAT1,I-NORTHWEST-ZIMBABWE-NWZ
OM562531/KEN/cow/2016/SAT1,KEN,cow,2016,SAT1,I-NORTHWEST-ZIMBABWE-NWZ
OM562530/KEN/cow/2016/SAT1,KEN,cow,2016,SAT1,I-NORTHWEST-ZIMBABWE-NWZ
OM562529/KEN/cow/2016/SAT1,KEN,cow,2016,SAT1,I-NORTHWEST-ZIMBABWE-NWZ
OM562528/KEN/cow/2016/SAT1,KEN,cow,2016,SAT1,I-NORTHWEST-ZIMBABWE-NWZ
OM562527/KEN/cow/2016/SAT1,KEN,cow,2016,SAT1,I-NORTHWEST-ZIMBABWE-NWZ
OM562526/KEN/cow/2016/SAT1,KEN,cow,2016,SAT1,I-NORTHWEST-ZIMBABWE-NWZ
OM562525/KEN/cow/2016/SAT1,KEN,cow,2016,SAT1,I-NORTHWEST-ZIMBABWE-NWZ
OM562524/KEN/cow/2016/SAT1,KEN,cow,2016,SAT1,I-NORTHWEST-ZIMBABWE-NWZ
OM562523/KEN/cow/2016/SAT1,KEN,cow,2016,SAT1,I-NORTHWEST-ZIMBABWE-NWZ
OM562522/KEN/cow/2016/SAT1,KEN,cow,2016,SAT1,I-NORTHWEST-ZIMBABWE-NWZ
OM562521/KEN/cow/2016/SAT1,KEN,cow,2016,SAT1,I-NORTHWEST-ZIMBABWE-NWZ
OM562520/KEN/cow/2016/SAT1,KEN,cow,2016,SAT1,I-NORTHWEST-ZIMBABWE-NWZ
OM562519/KEN/cow/2016/SAT1,KEN,cow,2016,SAT1,I-NORTHWEST-ZIMBABWE-NWZ
OM562518/KEN/cow/2016/SAT1,KEN,cow,2016,SAT1,I-NORTHWEST-ZIMBABWE-NWZ
OM562517/KEN/cow/2016/SAT1,KEN,cow,2016,SAT1,I-NORTHWEST-ZIMBABWE-NWZ
OM562516/KEN/cow/2016/SAT1,KEN,cow,2016,SAT1,I-NORTHWEST-ZIMBABWE-NWZ
OM562515/KEN/cow/2016/SAT1,KEN,cow,2016,SAT1,I-NORTHWEST-ZIMBABWE-NWZ
OM562514/KEN/cow/2016/SAT1,KEN,cow,2016,SAT1,I-NORTHWEST-ZIMBABWE-NWZ
OM562513/KEN/cow/2016/SAT2,KEN,cow,2016,SAT2,IV
OM562512/KEN/cow/2016/SAT2,KEN,cow,2016,SAT2,IV
OM562511/KEN/cow/2016/SAT2,KEN,cow,2016,SAT2,IV
OM562510/KEN/cow/2016/SAT2,KEN,cow,2016,SAT2,IV
OM562509/KEN/cow/2016/SAT2,KEN,cow,2016,SAT2,IV
OM562508/KEN/cow/2016/SAT2,KEN,cow,2016,SAT2,IV
OM562507/KEN/cow/2016/SAT2,KEN,cow,2016,SAT2,IV
OM562506/KEN/cow/2016/SAT2,KEN,cow,2016,SAT2,IV
OM562505/KEN/cow/2016/SAT2,KEN,cow,2016,SAT2,IV
OM562504/KEN/cow/2016/SAT2,KEN,cow,2016,SAT2,IV
OM562503/KEN/cow/2016/SAT2,KEN,cow,2016,SAT2,IV
OM562502/KEN/cow/2016/SAT2,KEN,cow,2016,SAT2,IV
OM562501/KEN/cow/2016/SAT2,KEN,cow,2016,SAT2,IV
OM562500/KEN/cow/2016/SAT2,KEN,cow,2016,SAT2,IV
OM562499/KEN/cow/2016/SAT2,KEN,cow,2016,SAT2,IV
OM562498/KEN/cow/2016/SAT2,KEN,cow,2016,SAT2,IV
OM562497/KEN/cow/2016/SAT2,KEN,cow,2016,SAT2,IV
OM562496/KEN/cow/2016/SAT2,KEN,cow,2016,SAT2,IV
OM562495/KEN/cow/2016/SAT2,KEN,cow,2016,SAT2,IV
OM562494/KEN/cow/2016/SAT2,KEN,cow,2016,SAT2,IV
OM562493/KEN/cow/2016/SAT2,KEN,cow,2016,SAT2,IV
OM562492/KEN/cow/2016/SAT2,KEN,cow,2016,SAT2,IV
OM562491/KEN/cow/2016/SAT2,KEN,cow,2016,SAT2,IV
OM562490/KEN/cow/2016/SAT2,KEN,cow,2016,SAT2,IV
OM562489/KEN/cow/2016/SAT2,KEN,cow,2016,SAT2,IV
OM562488/KEN/cow/2016/SAT2,KEN,cow,2016,SAT2,IV
OM562487/KEN/cow/2016/SAT2,KEN,cow,2016,SAT2,IV
OM562486/KEN/cow/2016/SAT2,KEN,cow,2016,SAT2,IV
OM562485/KEN/cow/2016/SAT2,KEN,cow,2016,SAT2,IV
OM562484/KEN/cow/2016/SAT2,KEN,cow,2016,SAT2,IV
OM562483/KEN/cow/2016/SAT2,KEN,cow,2016,SAT2,IV
OM562482/KEN/cow/2016/SAT2,KEN,cow,2016,SAT2,IV
OM562481/KEN/cow/2016/SAT2,KEN,cow,2016,SAT2,IV
OM562480/KEN/cow/2016/SAT2,KEN,cow,2016,SAT2,IV
OM562479/KEN/cow/2016/SAT2,KEN,cow,2016,SAT2,IV
OM562478/KEN/cow/2016/SAT2,KEN,cow,2016,SAT2,IV
OM562477/KEN/cow/2016/SAT2,KEN,cow,2016,SAT2,IV
OM562476/KEN/cow/2016/SAT2,KEN,cow,2016,SAT2,IV
OM562475/KEN/cow/2016/SAT2,KEN,cow,2016,SAT2,IV
OM562474/KEN/cow/2016/SAT2,KEN,cow,2016,SAT2,IV
OM562473/KEN/cow/2016/SAT2,KEN,cow,2016,SAT2,IV
OM562472/KEN/cow/2016/SAT2,KEN,cow,2016,SAT2,IV
OM562471/KEN/cow/2016/SAT2,KEN,cow,2016,SAT2,IV
OM562470/KEN/cow/2016/SAT2,KEN,cow,2016,SAT2,IV
OM562469/KEN/cow/2016/SAT2,KEN,cow,2016,SAT2,IV
OM562468/KEN/cow/2016/SAT2,KEN,cow,2016,SAT2,IV
OM562467/KEN/cow/2016/SAT2,KEN,cow,2016,SAT2,IV
OM562466/KEN/cow/2016/SAT2,KEN,cow,2016,SAT2,IV
OM562465/KEN/cow/2016/SAT2,KEN,cow,2016,SAT2,IV
OM562464/KEN/cow/2016/SAT2,KEN,cow,2016,SAT2,IV
OM562463/KEN/cow/2016/SAT2,KEN,cow,2016,SAT2,IV
OM562462/KEN/cow/2016/SAT2,KEN,cow,2016,SAT2,IV
OM562461/KEN/cow/2016/SAT2,KEN,cow,2016,SAT2,IV
OM562460/KEN/cow/2016/SAT2,KEN,cow,2016,SAT2,IV
OM562459/KEN/cow/2016/SAT2,KEN,cow,2016,SAT2,IV
OM562458/KEN/cow/2016/SAT2,KEN,cow,2016,SAT2,IV
OM562457/KEN/cow/2016/SAT2,KEN,cow,2016,SAT2,IV
OM562456/KEN/cow/2016/SAT2,KEN,cow,2016,SAT2,IV
OM562455/KEN/cow/2016/SAT2,KEN,cow,2016,SAT2,IV
OM562454/KEN/cow/2016/SAT2,KEN,cow,2016,SAT2,IV
OM562453/KEN/cow/2016/SAT2,KEN,cow,2016,SAT2,IV
MT340225/VNM/cattle/2018/A,VNM,cattle,2018,A,ASIA
MT340224/VNM/buffalo/2018/A,VNM,buffalo,2018,A,ASIA
MT340223/VNM/cattle/2019/A,VNM,cattle,2019,A,ASIA
MT340222/VNM/cattle/2019/A,VNM,cattle,2019,A,ASIA
MT340221/VNM/cattle/2018/A,VNM,cattle,2018,A,ASIA
MT340220/VNM/cattle/2018/A,VNM,cattle,2018,A,ASIA
MT340219/VNM/cattle/2018/A,VNM,cattle,2018,A,ASIA
MT340218/VNM/cattle/2018/A,VNM,cattle,2018,A,ASIA
MT340217/VNM/cattle/2018/A,VNM,cattle,2018,A,ASIA
MT340216/VNM/cattle/2018/A,VNM,cattle,2018,A,ASIA
MT340215/VNM/cattle/2018/A,VNM,cattle,2018,A,ASIA
MT340214/VNM/cattle/2018/A,VNM,cattle,2018,A,ASIA
MT340213/VNM/cattle/2018/A,VNM,cattle,2018,A,ASIA
MT340212/VNM/cattle/2018/A,VNM,cattle,2018,A,ASIA
MT340211/VNM/cattle/2018/A,VNM,cattle,2018,A,ASIA
MT340210/VNM/cattle/2018/A,VNM,cattle,2018,A,ASIA
MT340209/VNM/cattle/2018/A,VNM,cattle,2018,A,ASIA
MT340208/VNM/cattle/2018/A,VNM,cattle,2018,A,ASIA
MT340207/VNM/cattle/2018/A,VNM,cattle,2018,A,ASIA
MT340206/VNM/cattle/2018/A,VNM,cattle,2018,A,ASIA
MT340205/VNM/cattle/2018/A,VNM,cattle,2018,A,ASIA
MT340204/VNM/cattle/2018/A,VNM,cattle,2018,A,ASIA
MT340203/VNM/cattle/2017/A,VNM,cattle,2017,A,ASIA
MT340202/VNM/cattle/2017/A,VNM,cattle,2017,A,ASIA
MT340201/VNM/cattle/2017/A,VNM,cattle,2017,A,ASIA
MT340200/VNM/cattle/2017/A,VNM,cattle,2017,A,ASIA
MT340199/VNM/cattle/2017/A,VNM,cattle,2017,A,ASIA
MT340198/VNM/cattle/2017/A,VNM,cattle,2017,A,ASIA
MT340197/VNM/cattle/2017/A,VNM,cattle,2017,A,ASIA
MH746921/USA/cow/2017/A,USA,cow,2017,A,EUROPE-SOUTH-AMERICA-EURO-SA-SOUTH
EU400597/CHN/Unknown/2001/O,CHN,Unknown,2001,O,CATHAY
AY686687/Unknown/Unknown/2001/O,Unknown,Unknown,2001,O,CATHAY
AF377945/Unknown/Unknown/2000/O,Unknown,Unknown,2000,O,MIDDLE-EAST-SOUTH-ASIA-ME-SA
EF552697/GBR/sheep/2001/O,GBR,sheep,2001,O,MIDDLE-EAST-SOUTH-ASIA-ME-SA
EF552696/GBR/cattle/2001/O,GBR,cattle,2001,O,MIDDLE-EAST-SOUTH-ASIA-ME-SA
EF552695/GBR/sheep/2001/O,GBR,sheep,2001,O,MIDDLE-EAST-SOUTH-ASIA-ME-SA
EF552694/GBR/cattle/2001/O,GBR,cattle,2001,O,MIDDLE-EAST-SOUTH-ASIA-ME-SA
EF552693/GBR/cattle/2001/O,GBR,cattle,2001,O,MIDDLE-EAST-SOUTH-ASIA-ME-SA
EF552692/GBR/sheep/2001/O,GBR,sheep,2001,O,MIDDLE-EAST-SOUTH-ASIA-ME-SA
EF552691/GBR/cattle/2001/O,GBR,cattle,2001,O,MIDDLE-EAST-SOUTH-ASIA-ME-SA
EF552690/GBR/cattle/2001/O,GBR,cattle,2001,O,MIDDLE-EAST-SOUTH-ASIA-ME-SA
EF552689/GBR/sheep/2001/O,GBR,sheep,2001,O,MIDDLE-EAST-SOUTH-ASIA-ME-SA
EF552688/GBR/sheep/2001/O,GBR,sheep,2001,O,MIDDLE-EAST-SOUTH-ASIA-ME-SA
AY593809/ARG/Unknown/1969/C,ARG,Unknown,1969,C,EUROPE-SOUTH-AMERICA-EURO-SA-SOUTH
AY593808/ARG/Unknown/1966/C,ARG,Unknown,1966,C,EUROPE-SOUTH-AMERICA-EURO-SA-SOUTH
AY593807/BRA/Unknown/1955/C,BRA,Unknown,1955,C,EUROPE-SOUTH-AMERICA-EURO-SA-SOUTH
AY593806/BRA/Unknown/1971/C,BRA,Unknown,1971,C,EUROPE-SOUTH-AMERICA-EURO-SA-SOUTH
AY593805/DEU/Unknown/1960/C,DEU,Unknown,1960,C,EUROPE-SOUTH-AMERICA-EURO-SA-SOUTH
AY593804/CHE/Unknown/1965/C,CHE,Unknown,1965,C,EUROPE-SOUTH-AMERICA-EURO-SA-SOUTH
